pdb_pos,pdb_chain,aa_orig,aa_pred,pdb_posins,perplexity,A,C,D,E,F,G,H,I,K,L,M,N,P,Q,R,S,T,V,W,Y
2,H,V,M,2,1.7221,-4.9226,-6.4708,-6.1467,-6.1754,-6.5648,-4.2163,-6.5528,-5.1208,-6.6035,-5.7443,-0.0992,-6.2694,-4.8115,-6.4361,-6.1866,-4.9160,-4.9723,-3.7212,-7.9959,-7.1096
3,H,Q,Q,3,1.8164,-9.5358,-12.3109,-8.1272,-4.2464,-12.4795,-10.1501,-5.2837,-10.4261,-2.0793,-7.4281,-8.6754,-5.7362,-12.2200,-0.1787,-4.4097,-9.2672,-6.3677,-7.0966,-13.2125,-11.0414
4,H,L,L,4,1.0017,-13.7056,-12.7263,-17.5119,-12.3137,-10.0561,-13.7474,-14.7022,-14.1318,-16.2906,-0.0001,-9.5772,-16.8369,-14.1303,-12.3832,-15.3246,-16.9911,-17.1241,-10.8850,-13.3156,-13.4724
5,H,Q,Q,5,1.6952,-8.1678,-13.0766,-9.7770,-5.3033,-12.9452,-9.7377,-6.7514,-11.2089,-2.0909,-6.6887,-8.1009,-6.9121,-19.1197,-0.1603,-4.5679,-8.1091,-7.4980,-5.4655,-12.1159,-12.6063
6,H,E,E,6,1.0253,-10.8542,-12.5053,-9.6770,-0.0036,-17.9901,-10.2610,-12.6140,-14.2844,-11.9002,-11.1428,-13.1091,-11.8139,-11.8123,-5.6802,-13.2885,-13.3129,-12.3631,-10.8571,-15.2831,-17.6276
7,H,S,S,7,1.0217,-8.2777,-12.3172,-11.2074,-12.2969,-8.1570,-10.7299,-11.0685,-11.3553,-10.1856,-10.4684,-11.9781,-9.9466,-17.4053,-8.9726,-8.2237,-0.0024,-6.8894,-11.5295,-8.5495,-9.8896
8,H,G,G,8,1.0001,-16.1974,-19.9425,-13.9707,-12.8968,-20.1011,-0.0000,-18.3597,-19.4063,-16.6715,-15.5221,-20.1222,-18.4723,-17.8157,-15.3219,-13.1314,-17.0387,-18.6033,-17.4630,-18.4389,-20.3111
9,H,P,P,9,1.0108,-6.9677,-14.1831,-10.9062,-12.1307,-13.1739,-11.2505,-12.2583,-15.9339,-13.6817,-9.9434,-14.5521,-12.7684,-0.0012,-11.1437,-10.9029,-9.2123,-9.7879,-11.8494,-14.9438,-15.0551
11,H,G,G,11,6.9183,-1.9446,-6.7165,-3.9866,-4.2458,-5.5766,-1.1267,-5.0688,-6.3507,-4.7737,-3.4547,-6.6057,-4.1448,-6.3475,-4.5266,-2.6149,-1.2996,-3.1114,-3.9040,-6.5085,-5.2771
12,H,L,L,12,1.0015,-13.4290,-17.2817,-16.8127,-15.4402,-13.0439,-16.7962,-15.5306,-10.6630,-12.7894,-0.0001,-12.3414,-14.8437,-9.6075,-12.7508,-11.3967,-11.9958,-14.9867,-11.5436,-17.1329,-16.7868
13,H,V,V,13,1.0185,-10.4110,-12.2923,-16.3746,-11.1084,-15.0211,-14.9017,-16.5281,-6.1098,-11.5955,-10.5894,-10.1956,-14.4117,-16.6646,-11.5482,-12.1545,-13.8174,-9.3104,-0.0025,-18.6017,-17.1247
14,H,K,K,14,1.0934,-9.0057,-15.6887,-15.2862,-11.1126,-13.8448,-16.0410,-9.9463,-11.7900,-0.0154,-10.4547,-10.4493,-9.0216,-11.9562,-6.3115,-4.3774,-8.5647,-8.1823,-11.3005,-15.1013,-12.5730
15,H,P,P,15,1.0019,-9.5037,-16.4772,-15.4450,-15.7466,-16.3229,-15.5806,-16.4927,-14.1074,-14.4544,-11.6604,-16.7597,-14.0590,-0.0002,-14.6371,-13.6086,-9.9379,-10.4722,-12.7742,-18.1200,-17.7639
16,H,S,S,16,1.0045,-9.8198,-12.8526,-13.3452,-13.7394,-12.9304,-8.9128,-14.1935,-14.5760,-13.1530,-12.3721,-14.4683,-12.7030,-11.4196,-13.7843,-10.9944,-0.0004,-8.5417,-12.4885,-14.4099,-14.3129
17,H,E,Q,17,2.0619,-6.2431,-10.0472,-8.6781,-0.8186,-12.7943,-6.9278,-7.1356,-13.0746,-9.3114,-10.3819,-8.6687,-10.4389,-15.4710,-0.5906,-8.7423,-7.8184,-9.4245,-10.4252,-11.7224,-11.2938
18,H,T,T,18,1.0013,-12.1184,-17.5856,-17.4995,-17.0826,-18.7909,-17.7328,-21.3841,-10.3894,-14.7574,-15.7219,-12.1718,-14.4374,-13.9456,-17.0435,-13.8780,-9.6903,-0.0001,-12.3959,-18.7991,-20.8534
19,H,L,L,19,1.0020,-13.6446,-14.8775,-21.9527,-18.6337,-11.0382,-21.3786,-19.3838,-14.3877,-18.5347,-0.0002,-8.6195,-17.8232,-22.0833,-16.6434,-18.1593,-16.6713,-18.0069,-13.6424,-20.4570,-19.5638
20,H,S,S,20,1.1024,-8.1119,-10.3090,-10.4300,-9.0547,-6.4842,-10.4110,-7.1254,-9.0079,-7.5385,-6.0287,-8.6172,-7.0621,-12.5465,-6.7619,-6.2868,-0.0128,-6.3077,-10.2515,-11.2623,-7.0739
21,H,L,L,21,1.0015,-16.1456,-16.8608,-20.5597,-16.5591,-14.2213,-21.3158,-17.2285,-9.2907,-18.7083,-0.0001,-11.3654,-19.4974,-20.9506,-13.5756,-16.3089,-16.1175,-17.1052,-10.4671,-15.7952,-18.0138
22,H,T,T,22,1.1045,-7.7964,-10.5918,-10.4457,-9.2174,-11.6439,-11.0222,-11.6137,-6.5827,-7.7973,-12.1122,-10.8706,-7.0317,-18.4688,-9.7687,-7.1242,-4.4777,-0.0160,-8.0475,-12.7686,-12.4105
23,H,C,C,23,1.0007,-12.4044,-0.0001,-17.6511,-17.3805,-18.8761,-14.4767,-20.7124,-14.9005,-22.8247,-17.0138,-17.8399,-17.7104,-24.0739,-20.0797,-21.4839,-15.3249,-14.4248,-9.7303,-20.2445,-20.7703
24,H,A,T,24,2.9407,-1.5438,-9.8794,-6.1384,-7.1187,-6.9592,-5.5890,-7.0137,-5.6544,-7.4816,-6.4640,-9.7477,-5.5103,-12.0089,-7.3742,-6.9604,-2.0147,-0.4791,-4.3313,-9.3824,-7.4863
25,H,V,V,25,1.5609,-10.1388,-9.8322,-14.4084,-12.8297,-13.2388,-12.5542,-16.6518,-1.8401,-14.4066,-8.5395,-9.8730,-11.4072,-15.9925,-14.3073,-12.3852,-12.0891,-7.7218,-0.1739,-18.4313,-17.2077
26,H,S,S,26,1.2641,-8.2918,-13.0930,-9.1560,-12.3638,-8.1115,-10.6108,-9.7928,-6.9762,-9.8304,-11.0455,-12.8614,-6.4664,-14.1537,-10.7332,-6.9671,-0.0543,-3.0429,-7.8072,-9.2256,-7.7988
27,H,G,G,27,1.0023,-12.5973,-14.8174,-8.9328,-10.3547,-15.7899,-0.0002,-14.1423,-16.1844,-13.2130,-14.1803,-16.6034,-12.2858,-17.0624,-12.6827,-10.8719,-11.2759,-13.8954,-14.9210,-17.2726,-14.6290
28,H,Y,A,28,4.8049,-0.7252,-4.9234,-1.7191,-5.4954,-4.5102,-1.9974,-3.2729,-10.0656,-11.5115,-10.4557,-11.5518,-5.5573,-12.1314,-8.9397,-10.5390,-3.5259,-5.5604,-5.2071,-7.8640,-2.3297
29,H,S,S,29,1.1164,-8.1842,-11.4007,-6.0955,-9.2099,-9.7233,-8.8261,-9.6431,-8.3525,-8.3678,-7.5863,-11.0116,-5.5531,-6.7604,-9.8392,-5.7358,-0.0153,-6.1103,-11.3302,-11.3331,-7.2125
30,H,I,I,30,1.2140,-12.9183,-15.6570,-16.0047,-16.9153,-15.2409,-15.7878,-18.1819,-0.0487,-19.6771,-8.1612,-9.7637,-15.0672,-16.2122,-15.7271,-17.1569,-12.9928,-9.9787,-3.0542,-22.4131,-19.5710
31,H,S,T,31,2.4703,-5.9327,-9.7603,-5.5594,-8.2924,-8.6950,-5.6165,-8.2927,-4.4209,-8.0394,-7.9268,-8.1933,-3.9066,-9.1487,-9.1106,-5.5952,-1.1313,-0.4679,-6.2770,-11.7741,-6.6640
35,H,S,S,35,1.4017,-6.7159,-10.9487,-5.3759,-7.6224,-8.5950,-6.1731,-7.2975,-6.7921,-7.6181,-7.9408,-8.8904,-3.8855,-10.9384,-7.8032,-4.5992,-0.0621,-4.1244,-8.4704,-9.9387,-6.5805
36,H,G,S,36,4.0545,-1.4710,-6.4882,-3.2749,-5.6984,-6.4694,-3.6193,-6.2387,-6.7802,-7.6842,-2.6256,-5.6687,-3.3178,-10.1726,-5.4964,-7.0425,-0.5853,-3.9884,-6.0214,-10.9302,-7.2758
37,H,Y,Y,37,1.3947,-8.8292,-9.6521,-6.7734,-9.6098,-4.6379,-7.7465,-3.4698,-6.8270,-9.8232,-8.4519,-11.8643,-5.6177,-12.9530,-10.9175,-8.8857,-4.2637,-7.5870,-8.7481,-6.7905,-0.0658
38,H,Y,Y,38,2.6174,-9.2666,-7.6827,-7.5371,-11.1164,-2.3147,-11.0409,-5.3899,-8.1027,-10.4285,-7.6478,-9.8644,-6.9687,-11.8792,-11.0664,-8.6116,-5.5977,-9.1938,-8.7710,-1.2562,-0.5028
39,H,W,W,39,1.0020,-12.4874,-12.3046,-13.3799,-13.4041,-10.8975,-12.9659,-11.9528,-11.9832,-13.8827,-10.3525,-10.8105,-12.4943,-14.6643,-13.0066,-11.2311,-11.9089,-12.6276,-11.8616,-0.0002,-10.4238
40,H,G,G,40,1.0041,-15.0778,-13.0895,-9.6676,-10.6926,-16.8481,-0.0004,-13.3056,-11.3633,-16.4126,-13.0296,-14.7008,-9.1205,-17.8668,-13.3835,-12.7950,-8.7640,-10.8666,-14.0263,-15.9456,-16.2583
41,H,W,W,41,1.0009,-12.9709,-14.9748,-16.2968,-16.3605,-9.8076,-14.8090,-11.9574,-16.2681,-20.0699,-14.1397,-15.4883,-13.1791,-20.4039,-16.7541,-15.9612,-12.7977,-12.5881,-14.0589,-0.0001,-12.7723
42,H,I,I,42,1.2366,-13.7585,-15.7894,-17.3699,-13.8372,-13.8996,-15.3166,-17.6511,-0.0558,-14.9422,-10.2260,-10.3752,-14.0725,-21.2240,-16.5389,-16.3500,-14.0100,-9.0359,-2.9175,-17.4173,-16.2700
43,H,R,R,43,1.0025,-15.3276,-10.0665,-14.9597,-13.8392,-16.5650,-15.3128,-9.8595,-14.4203,-10.7003,-14.0988,-14.2528,-11.1513,-17.9430,-9.5446,-0.0002,-11.4773,-13.0609,-16.5603,-12.3521,-15.1588
44,H,Q,Q,44,1.0144,-14.1032,-13.9433,-16.8031,-9.8981,-17.4568,-15.3530,-9.8928,-14.5964,-6.5951,-10.9931,-11.2340,-14.0666,-18.0717,-0.0018,-8.3015,-12.7023,-13.7491,-13.7616,-15.9756,-17.4694
45,H,P,P,45,1.0276,-7.4153,-13.7866,-16.5443,-16.4271,-12.7167,-12.9114,-7.8685,-13.9382,-11.2019,-12.3223,-14.6071,-11.7878,-0.0036,-11.5202,-10.3519,-6.0323,-9.3950,-12.3934,-15.0147,-13.7588
46,H,P,P,46,1.1123,-4.4401,-13.8279,-13.6301,-12.0393,-11.3135,-11.1825,-9.5979,-10.0256,-12.2415,-5.6304,-11.3067,-14.3364,-0.0177,-10.2821,-9.2846,-7.1044,-7.6007,-7.6053,-11.1933,-13.0634
47,H,G,G,47,1.0025,-9.9779,-17.1731,-10.6833,-9.5146,-16.0612,-0.0002,-12.9887,-16.4994,-11.1368,-13.6991,-15.6373,-13.0543,-15.9166,-13.5244,-10.1299,-11.7035,-12.1775,-13.6573,-13.4762,-15.7921
48,H,K,K,48,1.0197,-14.4534,-17.0047,-15.4211,-8.4389,-15.7512,-13.7326,-11.8633,-15.7662,-0.0026,-11.1172,-12.0234,-10.7786,-19.2569,-8.7764,-6.1541,-13.0901,-12.3560,-15.9372,-15.4712,-15.3288
49,H,G,G,49,1.0003,-11.4310,-17.9870,-15.2338,-15.3196,-16.3140,-0.0000,-15.3618,-18.0119,-14.1438,-14.6815,-17.7581,-14.0400,-16.7069,-16.2295,-12.1647,-13.2425,-15.5613,-16.6049,-16.9563,-17.4387
50,H,L,L,50,1.0017,-19.0892,-17.5131,-18.8390,-17.9081,-8.9780,-17.9227,-14.7395,-18.0106,-16.4128,-0.0002,-11.3312,-15.8691,-11.8121,-16.0591,-15.3445,-18.3501,-21.0774,-18.5032,-11.1319,-12.5815
51,H,E,E,51,1.0426,-11.4707,-15.3631,-6.7624,-0.0060,-14.4959,-13.7971,-10.3947,-10.8968,-10.8680,-11.2909,-10.9175,-10.8139,-18.8640,-5.4156,-12.0398,-11.9010,-11.9681,-8.2536,-15.9747,-14.0917
52,H,W,W,52,1.1103,-10.7446,-9.7417,-12.5472,-12.9345,-5.4827,-10.4428,-8.6621,-10.8648,-13.8004,-8.9171,-11.2987,-10.8480,-10.8116,-12.7218,-11.0181,-9.6151,-11.5663,-10.6045,-0.0184,-4.3098
53,H,I,I,53,1.0743,-20.3673,-15.9801,-18.9954,-17.3587,-16.3130,-19.2592,-17.4439,-0.0127,-16.1847,-4.4523,-7.6734,-15.8830,-23.2318,-15.5521,-16.1490,-18.7589,-16.2391,-7.6293,-17.0086,-17.0836
54,H,G,G,54,1.0000,-13.4710,-16.7135,-16.3045,-16.4250,-21.1609,-0.0000,-19.9397,-19.0782,-21.2709,-18.7499,-20.3291,-17.1761,-20.6593,-20.0963,-18.2006,-16.1897,-18.4612,-19.3493,-22.5601,-20.8506
55,H,S,S,55,4.7953,-5.6425,-7.4755,-3.3202,-2.6027,-7.0106,-8.1338,-3.1783,-5.3469,-6.1228,-5.6511,-5.2197,-1.8471,-13.9646,-6.0762,-4.9753,-0.6051,-2.5990,-5.7656,-10.1087,-3.3108
56,H,I,I,56,1.2165,-9.6384,-10.9001,-11.3449,-7.8266,-10.3463,-11.1693,-12.4152,-0.0342,-8.8644,-5.2407,-4.7639,-8.7040,-13.6665,-8.5058,-8.7744,-8.0866,-5.8130,-4.1800,-12.9822,-10.5634
57,H,Y,Y,57,2.0632,-7.4916,-9.8125,-5.2903,-6.2432,-4.1991,-5.6619,-2.9224,-4.8583,-6.5930,-5.5677,-7.9766,-4.8458,-13.0043,-7.1429,-6.3935,-3.6307,-4.1033,-6.5967,-7.1582,-0.1610
58,H,H,Y,58,3.3249,-7.0648,-9.2074,-5.6183,-7.0977,-5.1238,-6.8964,-1.5796,-5.5274,-6.0726,-5.2618,-7.4191,-3.3180,-5.8639,-5.3304,-4.1517,-3.2839,-3.6071,-7.9780,-7.9658,-0.4392
59,H,S,S,59,1.5181,-8.3799,-12.1239,-6.5754,-9.9257,-9.7414,-6.1577,-8.1189,-7.0082,-8.4897,-8.5660,-10.3150,-3.8139,-12.3648,-9.3122,-6.1059,-0.1037,-2.6875,-9.3722,-11.4317,-7.6047
63,H,G,G,63,1.0055,-9.5227,-14.0347,-8.7834,-8.9127,-13.1430,-0.0005,-13.8467,-12.8988,-12.3167,-12.0917,-14.1740,-11.8850,-15.4377,-13.2750,-9.5429,-10.1287,-12.2398,-11.1726,-12.6933,-12.8745
64,H,S,S,64,2.3370,-4.7695,-10.3638,-5.0538,-7.6202,-7.5000,-5.0782,-6.1475,-5.2960,-6.7462,-7.9684,-8.0319,-2.8801,-10.1503,-8.3037,-4.0991,-0.2268,-2.4518,-6.9178,-8.9395,-4.4690
65,H,T,T,65,1.0409,-6.2370,-10.8554,-12.5654,-8.2550,-16.6449,-14.1554,-13.8934,-7.0754,-8.9133,-10.2848,-8.3293,-9.1554,-10.3769,-8.1481,-8.8301,-8.1458,-0.0049,-7.6235,-17.4568,-14.2433
66,H,Y,Y,66,2.5080,-6.3517,-9.2066,-4.5699,-7.5993,-2.9348,-7.0380,-2.6771,-8.4420,-6.3474,-6.5568,-9.5503,-3.1252,-10.4685,-7.1884,-6.3374,-3.3016,-7.2089,-8.3051,-6.8879,-0.2539
67,H,Y,Y,67,1.0803,-11.3856,-8.7227,-9.5828,-11.9351,-5.3009,-13.1043,-5.7240,-12.3495,-10.7021,-9.3537,-12.4025,-6.1491,-14.9283,-11.2739,-10.2905,-7.7992,-10.1996,-13.1794,-11.1249,-0.0113
68,H,N,N,68,1.0906,-8.1649,-10.9345,-6.8790,-10.1263,-12.0809,-9.3511,-5.2705,-12.3356,-7.7318,-9.7580,-13.1990,-0.0128,-12.3660,-9.7465,-7.5742,-5.3367,-9.2027,-13.3242,-14.6769,-9.1438
69,H,P,P,69,1.0078,-10.4992,-16.7288,-14.1502,-13.4540,-13.4774,-12.3317,-11.9673,-11.0009,-12.7392,-9.4871,-15.1600,-12.7645,-0.0008,-11.3871,-11.0168,-7.4233,-10.1985,-10.3045,-15.8195,-12.3226
70,H,S,S,70,1.0456,-5.6949,-13.9527,-8.5918,-11.4749,-8.4201,-8.7787,-10.3421,-10.2698,-10.9044,-10.1391,-11.7018,-8.5423,-8.5940,-12.2098,-8.9776,-0.0057,-7.5542,-8.7934,-9.0929,-8.0144
71,H,L,L,71,1.0005,-16.9368,-20.0675,-18.7209,-17.6831,-10.8401,-18.9854,-17.0286,-11.5717,-15.2342,-0.0000,-12.1351,-16.4158,-20.2305,-16.8872,-15.4667,-17.0321,-17.8325,-12.4710,-14.9600,-15.1202
72,H,K,K,72,1.3985,-7.3162,-16.3113,-8.8673,-3.6355,-10.9853,-12.1287,-9.7294,-6.9500,-0.0633,-8.1987,-6.1232,-4.9026,-17.7698,-4.8281,-4.5505,-7.6682,-5.5785,-7.9832,-11.4731,-10.7430
74,H,S,S,74,1.0218,-7.8908,-12.9820,-9.2520,-12.5227,-10.6318,-10.0712,-11.3759,-7.9239,-12.2984,-11.5764,-13.2235,-7.2367,-9.1612,-11.4699,-10.1083,-0.0024,-7.5736,-10.7943,-13.2832,-9.8822
75,H,R,R,75,1.0275,-11.7028,-13.7981,-11.7089,-11.1590,-12.6056,-12.3828,-7.5564,-13.8219,-6.7078,-9.1341,-11.8006,-11.1548,-13.9969,-6.6661,-0.0033,-9.7060,-11.9131,-13.9402,-9.5513,-11.5517
76,H,V,V,76,1.1297,-10.6079,-12.9840,-17.7912,-15.4685,-11.6089,-14.5035,-18.7968,-3.9565,-18.6535,-5.7977,-12.0976,-15.2029,-19.2848,-17.1881,-18.9979,-12.5628,-7.1802,-0.0232,-15.7128,-15.1815
77,H,T,T,77,1.3723,-4.8802,-13.9187,-8.8577,-10.9615,-8.1932,-11.1226,-10.7252,-4.6134,-8.3226,-8.4944,-7.7732,-6.4691,-13.9777,-9.5567,-7.6553,-3.2831,-0.0649,-5.4452,-12.0108,-9.6852
78,H,I,I,78,1.0248,-13.8904,-16.3336,-17.3405,-16.1829,-15.2139,-15.9264,-18.7431,-0.0032,-18.3601,-6.8353,-8.9166,-15.5850,-17.0277,-16.7567,-18.3586,-14.8630,-11.6687,-6.2035,-19.6871,-18.6461
79,H,S,S,79,1.0214,-7.1333,-15.3201,-9.9353,-12.3131,-8.6803,-10.1338,-9.7370,-11.4691,-11.2922,-9.5755,-11.4876,-7.5702,-16.4409,-11.4458,-10.4471,-0.0024,-7.5704,-12.4523,-13.9686,-9.4424
80,H,V,V,80,2.7211,-3.9814,-10.5481,-10.4117,-5.9539,-10.6273,-8.9064,-10.9795,-3.8915,-5.0049,-3.8463,-6.5835,-9.3718,-9.6099,-7.4788,-1.6122,-6.9730,-3.3666,-0.3668,-10.7169,-9.9966
81,H,D,D,81,1.0300,-8.2467,-13.2159,-0.0037,-6.1890,-13.0037,-10.4318,-8.1696,-11.0818,-11.4753,-10.4772,-13.1203,-7.2722,-14.8240,-11.0611,-12.2811,-10.5608,-11.5770,-8.4101,-15.0150,-11.1161
82,H,T,T,82,1.8446,-5.9906,-11.5864,-9.2036,-6.5402,-7.5182,-8.8579,-8.1773,-3.9210,-3.6971,-5.8294,-4.5262,-6.3464,-6.6676,-6.0740,-4.3881,-4.3026,-0.1219,-4.1263,-8.5440,-5.5778
83,H,S,S,83,1.1207,-4.7361,-12.8761,-8.0957,-9.7886,-7.3207,-7.4378,-9.5532,-9.1004,-9.4324,-7.7630,-9.6652,-7.9392,-6.7874,-10.3411,-7.7327,-0.0167,-6.1780,-7.3305,-9.8571,-7.2774
84,H,K,K,84,1.1607,-7.8372,-14.3681,-9.8937,-4.8126,-14.2694,-10.0306,-10.0965,-14.1214,-0.0253,-7.4017,-8.3072,-7.3887,-20.8695,-6.0056,-4.3926,-10.1943,-12.0559,-13.5938,-14.4332,-14.2635
85,H,N,N,85,1.0122,-13.0761,-15.1964,-10.0460,-13.0449,-15.2709,-11.0081,-10.5512,-11.0331,-8.8218,-13.9305,-13.2235,-0.0013,-16.2530,-12.0864,-11.3866,-7.3874,-7.7310,-12.2972,-13.5953,-11.9246
86,H,Q,Q,86,1.4177,-6.4700,-9.8487,-8.8873,-5.8008,-11.0656,-9.0533,-2.8888,-10.7075,-6.6552,-8.0118,-7.8341,-6.8568,-13.5260,-0.0785,-5.7802,-4.8898,-6.7394,-11.8811,-11.1615,-9.8635
87,H,F,F,87,1.0343,-13.8421,-13.4627,-13.6885,-16.7494,-0.0049,-13.2617,-8.7288,-12.7691,-16.8749,-11.6917,-12.0733,-14.9328,-15.2932,-15.0483,-15.8693,-14.6552,-14.1316,-12.1835,-7.3624,-5.5064
88,H,S,S,88,1.0052,-9.6727,-13.8045,-14.0511,-16.8757,-8.8721,-12.3206,-12.6500,-15.9102,-14.2457,-13.2662,-14.0700,-11.5429,-18.0183,-14.9121,-14.5309,-0.0005,-8.1624,-17.4666,-16.4837,-11.0542
89,H,L,L,89,1.0002,-20.2914,-20.6333,-22.0806,-19.8752,-14.7922,-21.1265,-19.6445,-12.2463,-20.6698,-0.0000,-12.5733,-20.6151,-21.6871,-17.9469,-18.8697,-20.9310,-20.9872,-12.6441,-19.0734,-20.4252
90,H,K,K,90,1.4295,-8.4114,-11.9669,-9.7998,-7.7462,-11.5190,-11.3108,-6.6813,-9.2017,-0.0779,-8.9519,-9.9275,-4.2661,-16.9431,-5.5923,-3.0691,-5.0115,-6.4105,-10.0529,-11.1481,-10.0338
91,H,L,L,91,1.0013,-15.5946,-19.0168,-20.1060,-18.8552,-11.2056,-19.4019,-16.3162,-14.3290,-17.5629,-0.0001,-9.8623,-18.9299,-21.9068,-17.0813,-17.8940,-16.7903,-18.2427,-9.9086,-17.3150,-17.5449
92,H,S,S,92,1.4999,-4.8784,-10.3451,-7.3833,-10.6328,-9.9559,-6.0395,-7.9897,-7.5768,-5.4117,-10.0609,-10.5686,-3.3359,-11.4052,-9.7307,-6.1248,-0.0868,-3.5383,-9.5578,-12.6566,-9.3527
93,H,S,S,93,1.0173,-7.8722,-11.6550,-11.9122,-13.8852,-10.5366,-9.0510,-11.9307,-11.2087,-12.3871,-9.8690,-11.8780,-8.1024,-10.1349,-12.5098,-8.1867,-0.0018,-7.5515,-11.1559,-12.3431,-9.8136
94,H,V,V,94,1.0023,-9.4209,-13.7655,-19.2202,-17.3136,-19.6119,-15.3498,-19.4862,-11.5553,-16.2291,-13.4444,-12.2069,-17.7177,-9.8638,-16.5415,-15.9582,-14.8703,-9.6827,-0.0002,-22.1233,-19.9293
95,H,T,T,95,1.0380,-9.1945,-15.1697,-8.8941,-12.5547,-12.6129,-10.8613,-12.9773,-8.0879,-10.5609,-12.6076,-12.2964,-8.4159,-14.7449,-12.4579,-10.9651,-5.4774,-0.0052,-8.5201,-15.2876,-12.8764
96,H,A,A,96,1.0833,-0.0121,-12.3018,-11.9958,-11.1587,-11.0161,-8.6948,-12.9355,-10.8643,-12.5118,-11.7609,-11.0544,-13.8374,-5.1218,-12.0516,-11.5787,-7.5006,-6.5436,-5.5735,-14.3038,-11.7131
97,H,A,A,97,1.0096,-0.0010,-15.3411,-12.0416,-10.4659,-14.5715,-7.6807,-15.8171,-14.2488,-13.3017,-13.0505,-12.3833,-13.8556,-13.6785,-13.1441,-13.0113,-8.7410,-9.9876,-8.0741,-18.6944,-16.4065
98,H,D,D,98,1.0039,-13.7605,-15.5982,-0.0004,-10.1560,-14.7181,-16.2747,-9.5126,-16.7099,-16.2027,-17.9900,-14.8156,-8.1723,-19.3234,-15.3492,-18.2025,-15.0430,-14.6933,-14.2696,-18.0747,-12.4979
99,H,T,T,99,1.0060,-11.5832,-14.5035,-16.3258,-12.9536,-17.1289,-13.4433,-17.6956,-10.6446,-15.7573,-14.0986,-11.7557,-14.8693,-17.7103,-13.7730,-14.8595,-7.3828,-0.0007,-10.9861,-19.3578,-17.7925
100,H,A,A,100,1.0009,-0.0001,-13.2506,-13.7415,-17.7819,-18.5074,-14.3583,-18.7436,-19.6849,-19.7351,-19.8905,-16.6980,-15.3673,-19.3600,-20.1219,-19.1971,-9.7089,-11.2675,-12.3148,-21.9300,-19.1733
101,H,V,V,101,1.4554,-9.8875,-11.7821,-11.8673,-12.2052,-8.4294,-13.4910,-11.6463,-2.4054,-10.0521,-5.5136,-5.3564,-10.0804,-17.1390,-11.7637,-9.1248,-10.6399,-6.5553,-0.1065,-10.2707,-10.0173
102,H,Y,Y,102,1.0495,-13.9886,-11.4126,-13.6206,-16.1480,-4.8600,-16.0839,-8.5579,-11.1068,-15.2851,-10.7571,-13.4805,-11.8755,-16.5210,-14.6443,-14.5475,-13.0461,-14.3971,-10.9986,-11.8076,-0.0081
103,H,Y,Y,103,1.2146,-15.6295,-11.7000,-13.3112,-14.4300,-3.1352,-14.8008,-6.3203,-10.8909,-13.6895,-9.4678,-12.9457,-10.3178,-18.7328,-12.7462,-12.6559,-10.7394,-13.9921,-12.3880,-10.1393,-0.0466
104,H,C,C,104,1.0040,-8.9877,-0.0004,-16.1219,-18.6503,-17.0542,-8.5377,-18.1468,-19.3845,-21.0329,-19.7797,-18.2715,-15.3535,-12.2491,-18.4239,-20.1175,-9.5125,-15.3059,-17.8213,-16.9420,-18.0333
105,H,A,A,105,1.2039,-0.0305,-8.1921,-9.4884,-9.1514,-7.9960,-4.9740,-8.5372,-9.9514,-9.6576,-7.6424,-7.9252,-7.9128,-12.9284,-10.1487,-8.7492,-4.8621,-4.5653,-6.0554,-10.1732,-8.9004
106,H,G,G,106,1.1040,-5.8562,-8.1593,-8.7335,-10.5021,-11.8121,-0.0162,-10.1391,-10.8597,-13.6023,-10.4419,-9.5725,-8.1211,-14.0464,-12.0458,-8.9852,-4.4766,-7.1672,-10.9657,-12.3392,-10.9546
107,H,L,L,107,6.5764,-4.2964,-7.2849,-4.5716,-3.9494,-5.1110,-4.5849,-3.3162,-5.4332,-3.3035,-0.7522,-4.4893,-3.9192,-8.4648,-3.0283,-1.6324,-3.1816,-5.2638,-5.1356,-3.1197,-3.9517
108,H,T,Y,108,3.4204,-5.3365,-7.6804,-7.5255,-7.5729,-1.2559,-4.9674,-2.8228,-5.4373,-7.7514,-4.6515,-5.3144,-6.5213,-10.7249,-7.0922,-4.7317,-5.1893,-4.4937,-4.4371,-5.1881,-0.5484
109,H,Q,G,109,11.1207,-3.2384,-8.2261,-3.7943,-4.7058,-3.7728,-1.4646,-3.1902,-3.9809,-4.7064,-3.7590,-4.6290,-4.3518,-8.1661,-3.8398,-2.3916,-2.3301,-2.0781,-3.7084,-3.4741,-1.7793
110,H,S,S,110,10.8744,-2.9850,-8.0841,-3.3540,-4.2834,-3.6419,-3.2043,-3.3610,-6.1423,-3.5461,-3.4479,-4.3323,-3.9447,-8.6951,-3.0914,-1.5853,-1.4635,-1.9791,-4.8863,-3.8701,-2.8988
112,H,S,P,112,13.9976,-2.1693,-8.7420,-4.2293,-3.7880,-4.0621,-4.0566,-3.9268,-2.5036,-5.5645,-3.0424,-4.4623,-4.2105,-1.9156,-3.9464,-2.4945,-2.8595,-2.9078,-2.4606,-2.2294,-2.5202
113,H,H,W,113,10.3381,-3.2758,-7.9075,-3.1700,-3.6471,-3.8218,-4.0088,-3.3467,-4.9456,-5.0310,-4.1927,-5.2573,-3.4989,-6.7056,-3.9643,-2.9715,-1.7151,-2.0658,-3.9903,-1.2942,-2.4814
114,H,N,S,114,2.6759,-2.9650,-6.9249,-3.4297,-5.6642,-5.8953,-4.9407,-4.5462,-8.9701,-8.5427,-7.6537,-7.2214,-2.3316,-8.2653,-6.4461,-6.0966,-0.2731,-5.1718,-8.1546,-5.8958,-3.9861
115,H,D,N,115,9.5482,-4.0841,-5.1008,-4.2619,-3.4879,-7.3553,-7.9727,-4.6606,-3.5056,-3.0020,-4.6257,-3.2984,-1.0465,-2.3696,-3.2181,-2.2106,-3.1023,-2.3541,-2.8920,-5.4465,-6.5357
116,H,A,P,116,5.0358,-1.9465,-5.0619,-1.9214,-3.6770,-5.0746,-4.9720,-5.6417,-4.9520,-7.1689,-5.4359,-5.0254,-4.3410,-0.6120,-5.8925,-5.4704,-3.8112,-5.6686,-3.5235,-4.6139,-4.1063
117,H,N,Y,117,8.4423,-1.5547,-5.0456,-2.9663,-5.7680,-2.7028,-4.3428,-2.9461,-4.5407,-7.7184,-6.4070,-5.8370,-3.5129,-7.1645,-6.1223,-6.3778,-1.9555,-4.0121,-2.3396,-4.1390,-1.2980
118,H,W,W,118,1.0039,-14.1703,-13.9060,-13.0026,-14.7699,-8.3910,-14.8860,-12.4284,-14.4791,-16.2414,-11.5623,-12.8843,-14.3951,-17.7347,-15.0671,-14.2102,-13.9606,-16.0364,-13.3248,-0.0004,-8.8462
119,H,G,G,119,1.0058,-8.8854,-12.3753,-10.3203,-11.2256,-16.4317,-0.0006,-15.3662,-16.1830,-15.5305,-14.4532,-14.4548,-12.9691,-15.4121,-13.5809,-13.6359,-7.7818,-13.3570,-14.1694,-15.8240,-15.9057
120,H,Q,Q,120,1.2049,-7.9935,-11.3655,-8.6706,-6.9385,-11.0687,-6.2718,-5.3212,-9.8915,-6.2626,-5.9838,-8.7824,-8.9110,-5.3036,-0.0295,-4.5514,-9.2675,-9.1092,-8.7661,-10.5195,-9.4766
121,H,G,G,121,1.0000,-13.8046,-17.3054,-16.6521,-16.8318,-20.2911,-0.0000,-18.8860,-22.0319,-18.3551,-15.7993,-20.0599,-17.2677,-17.6141,-18.1633,-16.0951,-16.3471,-20.5668,-18.7749,-17.6293,-19.8320
122,H,T,T,122,1.7358,-4.8563,-11.7996,-10.2265,-8.0285,-11.1587,-8.2007,-9.2243,-3.0484,-6.7383,-4.5491,-8.5006,-7.9504,-10.8140,-7.4806,-6.6405,-5.5469,-0.1330,-2.9877,-11.4341,-11.0353
123,H,L,L,123,1.0727,-9.8529,-12.7112,-11.5656,-9.1057,-7.0800,-11.0521,-7.6350,-9.3509,-9.4393,-0.0094,-5.5139,-10.7673,-6.2520,-7.4430,-8.9134,-9.9329,-9.2437,-7.8481,-8.9259,-8.2629
124,H,V,V,124,1.0087,-11.1024,-14.7462,-19.1710,-16.9997,-15.6908,-15.6476,-16.8075,-6.8769,-14.9665,-11.6012,-13.8213,-16.5966,-19.0973,-16.7276,-15.3279,-15.8332,-10.8720,-0.0011,-17.5420,-16.5140
125,H,T,T,125,1.0385,-8.0020,-10.8013,-13.3839,-10.6739,-13.8843,-14.3249,-11.3808,-7.3565,-10.0635,-12.3483,-10.2595,-9.9362,-14.2708,-9.4378,-10.7378,-6.8165,-0.0049,-5.9869,-13.0193,-12.2237
126,H,V,V,126,1.0053,-10.2809,-11.9494,-17.3007,-15.5532,-14.7120,-15.9052,-16.8722,-7.8338,-15.6327,-14.0006,-13.2221,-14.6666,-15.5625,-16.2800,-15.2434,-12.8282,-9.0546,-0.0006,-16.4225,-16.5285
127,H,S,S,127,1.0152,-9.6978,-12.1858,-8.1533,-13.4498,-12.8284,-11.6775,-11.9168,-13.5195,-12.8022,-11.1570,-14.2058,-9.6849,-14.4398,-13.8396,-12.1041,-0.0018,-6.5886,-13.0645,-15.5480,-13.8342
128,H,S,S,128,1.8625,-2.3297,-7.8399,-6.2836,-7.9338,-7.4616,-3.4337,-7.3570,-8.8175,-7.5347,-8.1922,-8.5118,-6.5508,-5.1329,-7.0383,-5.5185,-0.1665,-5.4991,-6.6006,-8.8731,-6.9222
129,H,A,A,129,2.5612,-0.2527,-8.7077,-3.7687,-4.9066,-6.0997,-2.3400,-6.6604,-8.0773,-5.6255,-4.0841,-6.1860,-6.6445,-8.5354,-4.5502,-6.2937,-3.0716,-6.4283,-5.3006,-9.3108,-5.8031
130,H,S,A,130,6.3764,-0.9424,-7.2291,-2.1741,-4.0369,-6.0047,-3.9904,-6.1511,-4.5485,-5.7577,-4.3489,-5.3705,-3.9159,-8.6851,-3.1541,-5.2035,-1.3828,-2.9331,-3.0402,-8.2806,-5.6923
131,H,T,V,131,3.1002,-3.4375,-6.8759,-5.5670,-5.6211,-7.8235,-6.9148,-6.8319,-2.9970,-5.0795,-4.9938,-7.3072,-3.0324,-5.8833,-4.9056,-4.8230,-4.2910,-2.5852,-0.3079,-8.6016,-5.9370
132,H,K,S,132,11.3323,-1.9066,-5.9576,-6.4115,-5.1958,-3.6126,-6.8818,-3.4117,-3.8259,-3.0996,-2.2390,-5.1513,-2.7152,-10.0391,-2.2479,-3.1935,-1.6019,-3.2634,-2.3070,-6.4715,-3.0434
133,H,G,G,133,1.0451,-6.5046,-10.6859,-7.4842,-8.4331,-10.7710,-0.0053,-10.7073,-11.3087,-11.3074,-9.0715,-12.0816,-7.0035,-8.0079,-7.5014,-9.9343,-7.0397,-11.0232,-10.0475,-11.8556,-10.0771
134,H,P,P,134,1.3365,-3.0412,-8.5869,-7.7285,-6.7494,-5.9911,-8.8471,-7.4757,-10.6447,-11.8157,-8.3985,-9.6864,-8.4924,-0.0627,-7.4390,-11.4564,-6.4729,-8.3875,-6.1855,-7.6973,-5.9678
135,H,S,S,135,6.4377,-2.3735,-7.7887,-2.7246,-4.2648,-4.6667,-1.1831,-4.9869,-5.7719,-6.2898,-4.2792,-5.3213,-3.4601,-9.0645,-3.5102,-4.7266,-1.0282,-3.6821,-4.4967,-5.3789,-4.4480
136,H,V,V,136,2.2591,-4.2623,-5.1605,-6.9331,-5.3262,-7.8654,-7.0454,-7.9608,-3.3302,-8.2748,-6.1713,-5.6458,-6.5601,-9.3338,-2.1297,-7.0375,-5.3120,-5.4868,-0.2281,-5.4554,-7.7660
137,H,F,H,137,6.1179,-3.7734,-7.3647,-5.0971,-6.1082,-1.3651,-7.3238,-1.2530,-4.2094,-8.8948,-4.2783,-7.3556,-3.0491,-9.3806,-5.1581,-10.2747,-2.2614,-5.0771,-4.6935,-5.8642,-1.5087
138,H,P,P,138,1.5935,-3.2652,-8.1899,-9.1800,-6.6498,-13.0200,-3.6061,-10.8122,-8.9932,-8.1875,-9.9525,-9.0336,-4.3438,-0.0998,-5.4660,-9.2448,-5.1828,-5.7055,-6.8400,-11.3252,-12.1059
139,H,L,L,139,1.0327,-8.4437,-8.4909,-10.3220,-9.3002,-11.0872,-9.3704,-12.4673,-7.2548,-12.5312,-0.0037,-7.5139,-7.2383,-13.3123,-9.1042,-10.4762,-7.3113,-12.5579,-8.4567,-11.1321,-12.8752
140,H,A,S,140,2.0635,-1.5151,-8.9746,-8.7179,-6.9707,-10.9016,-6.7545,-9.1961,-9.9025,-9.9694,-8.6632,-8.3993,-5.1170,-10.9454,-6.2017,-7.8120,-0.2998,-3.5846,-10.0575,-13.0858,-10.5652
141,H,P,P,141,1.4341,-3.1094,-8.5436,-10.6211,-10.0680,-11.3514,-9.0127,-10.2594,-13.9147,-12.9057,-9.4184,-11.8814,-9.0744,-0.0900,-9.4528,-9.0755,-3.2118,-8.2732,-11.8031,-10.9975,-11.1315
142,H,S,S,142,1.4344,-4.0549,-6.5687,-8.6269,-11.1090,-9.1559,-2.6926,-9.1391,-16.2763,-11.7145,-9.7325,-13.3446,-7.1804,-10.3326,-11.5991,-10.7082,-0.0924,-8.1514,-12.7106,-11.0935,-8.5805
143,H,S,P,143,7.3860,-1.5238,-5.9651,-5.9247,-4.6440,-5.9993,-4.4986,-7.2725,-2.6341,-4.7538,-3.7013,-6.1330,-4.9583,-1.2006,-4.3532,-4.2743,-1.8311,-3.1703,-2.2314,-8.1743,-6.9165
144,H,K,Q,144,10.7815,-2.6492,-4.7285,-4.4530,-2.4085,-4.6850,-5.5825,-2.9211,-7.5910,-2.1689,-5.5227,-4.7818,-2.6105,-8.9702,-1.4242,-2.4151,-2.8445,-2.7744,-2.3517,-6.8946,-5.4366
145,H,S,S,145,1.9763,-1.1520,-8.6793,-10.5255,-10.3692,-7.7141,-6.9212,-9.0082,-11.8717,-9.7833,-6.4846,-10.2810,-6.7002,-12.5119,-9.2509,-6.5757,-0.3909,-6.7008,-10.0052,-12.3430,-8.8215
146,H,T,T,146,3.3773,-2.3140,-8.5864,-7.6356,-4.3629,-9.4845,-10.2564,-8.4003,-5.1074,-1.9787,-7.3449,-4.2039,-6.3696,-8.6965,-3.7857,-5.0307,-3.2516,-0.4237,-5.8205,-10.6739,-9.7738
147,H,S,S,147,8.6978,-1.9483,-7.4458,-5.2716,-3.8714,-2.8336,-4.6289,-4.1438,-4.2481,-5.4946,-3.7061,-7.4925,-6.4824,-6.3391,-4.5997,-5.3081,-1.4055,-2.2404,-1.7493,-4.3806,-1.9200
148,H,G,G,148,1.2571,-5.5658,-11.8214,-5.2008,-6.5338,-7.4459,-0.0349,-8.5103,-7.8775,-5.9860,-7.4216,-8.7060,-7.2111,-8.8554,-7.6943,-6.4056,-5.6370,-4.7918,-9.9993,-7.5081,-5.6153
149,H,G,S,149,7.2094,-2.9251,-8.6077,-3.2481,-5.2223,-6.3610,-3.1372,-5.2505,-3.8902,-3.6596,-4.4280,-6.3323,-1.5727,-3.9053,-5.3376,-3.7345,-1.1093,-1.6188,-5.5341,-6.7843,-6.0700
150,H,T,L,150,9.2687,-6.5285,-9.3602,-5.9950,-5.2405,-2.9500,-9.0023,-3.6686,-1.7060,-2.6063,-1.3000,-4.4692,-2.8301,-11.7168,-4.3905,-2.6589,-3.7482,-1.9835,-4.2042,-4.7452,-3.0557
151,H,A,A,151,2.0221,-0.4571,-10.6335,-9.6336,-9.5107,-7.0018,-9.3855,-7.7112,-11.4130,-9.8213,-8.8679,-11.4797,-8.5688,-8.1347,-10.3262,-9.5373,-1.0211,-6.1014,-7.1743,-11.9059,-6.6755
152,H,A,V,152,3.6220,-1.9733,-6.8240,-7.4827,-5.8466,-4.3184,-4.3178,-4.3192,-3.8055,-6.4819,-5.8824,-3.9272,-5.0649,-11.4846,-4.7867,-7.1284,-3.4047,-3.3787,-0.3911,-7.2891,-4.5578
153,H,L,L,153,1.8412,-5.6138,-6.8752,-9.6204,-8.8331,-2.1243,-5.4473,-6.1897,-6.7915,-9.4941,-0.1732,-5.8367,-7.4133,-12.8737,-9.0031,-7.9946,-4.8427,-6.6947,-8.0820,-6.7599,-4.3828
154,H,G,G,154,1.0000,-17.9787,-18.9556,-17.1651,-17.3455,-20.9342,-0.0000,-21.6555,-17.2606,-21.4837,-17.8891,-22.0298,-20.1800,-20.0860,-20.4467,-18.2996,-18.6264,-19.7964,-18.3852,-21.5476,-20.4141
155,H,C,V,155,2.0122,-1.9871,-4.2677,-10.0221,-8.7758,-11.7312,-5.5480,-11.4737,-5.4730,-10.8197,-8.7327,-10.6972,-8.2642,-14.0247,-8.7699,-6.8269,-5.0767,-3.5695,-0.2176,-10.6491,-12.0591
156,H,L,L,156,1.2776,-5.3753,-8.1926,-7.2606,-6.2623,-6.5540,-6.1427,-6.3720,-5.9464,-5.8806,-0.0353,-5.9824,-6.4916,-12.3969,-6.1683,-5.6257,-5.7393,-7.1553,-6.5314,-6.9630,-7.8943
157,H,V,V,157,1.4083,-6.7269,-7.9205,-9.4287,-8.8658,-6.9293,-9.5281,-6.7762,-2.6412,-10.2826,-6.8131,-9.3830,-6.4926,-14.5822,-8.2168,-9.0671,-6.7531,-6.2974,-0.0858,-9.4744,-7.2155
158,H,K,H,158,7.2778,-2.6402,-8.6179,-2.7915,-6.3025,-3.8097,-4.7596,-1.3498,-8.1550,-4.7374,-5.1242,-8.6526,-2.4429,-6.2175,-4.4393,-4.8287,-1.5918,-4.5792,-6.8719,-5.1975,-1.4652
159,H,D,G,159,7.7917,-4.4601,-6.2638,-1.7413,-3.7146,-4.8391,-1.3544,-3.2187,-9.0181,-5.6798,-5.2307,-8.4086,-3.1893,-9.1472,-4.5102,-2.4857,-1.6640,-5.4854,-7.8415,-5.4342,-1.9812
160,H,Y,F,160,2.0574,-10.3585,-10.1170,-9.1389,-10.4510,-0.3540,-11.1535,-3.8467,-8.0635,-9.1929,-8.0284,-9.4753,-7.6988,-14.2772,-10.1024,-7.8097,-8.7132,-10.2510,-8.2893,-5.8472,-1.3038
161,H,F,Y,161,5.7064,-5.1466,-8.0391,-4.7265,-5.6709,-2.8644,-8.6528,-1.7302,-6.4366,-4.1045,-5.1225,-8.0946,-1.5030,-11.1585,-5.4748,-4.7955,-2.7802,-5.0759,-5.9988,-3.8468,-0.9270
162,H,P,P,162,1.2603,-7.3638,-8.0839,-6.1344,-8.8573,-7.4143,-4.4895,-7.9784,-6.6713,-9.5209,-8.4043,-9.6495,-5.9476,-0.0375,-9.8182,-8.4850,-4.5336,-5.7434,-6.5808,-9.7380,-6.5137
163,H,E,P,163,8.4375,-2.0553,-5.3196,-4.3209,-4.7393,-4.8569,-3.7575,-5.1801,-4.1063,-5.1219,-3.8410,-7.0741,-1.8978,-1.1635,-6.2963,-3.7920,-1.8126,-2.9455,-4.1795,-7.7109,-3.0950
164,H,P,P,164,10.6322,-3.6914,-5.5808,-3.3204,-5.0366,-3.5921,-4.7846,-5.6643,-2.5172,-5.1382,-2.2462,-4.9469,-4.1166,-1.6118,-6.0826,-3.5952,-2.1987,-2.1149,-1.6928,-4.3394,-4.1583
165,H,V,A,165,1.9759,-0.1716,-6.0454,-8.9329,-9.9426,-3.9365,-7.2394,-8.2092,-5.7364,-10.1110,-7.9254,-9.3554,-6.9905,-6.8249,-9.9135,-8.9175,-3.3862,-4.7221,-2.5696,-8.4588,-4.6917
166,H,T,S,166,6.6343,-2.8745,-7.0684,-3.1300,-4.4581,-3.3878,-5.1554,-3.4750,-4.7429,-3.4175,-4.3385,-6.1023,-2.7558,-10.5637,-4.6517,-3.6575,-0.7014,-2.0360,-5.4753,-7.4725,-3.5087
167,H,V,V,167,2.5264,-4.1535,-5.3858,-8.5447,-9.4255,-6.0890,-6.8985,-9.0138,-0.9826,-9.5492,-4.8646,-5.5238,-6.5044,-11.6021,-9.0041,-9.1706,-4.8827,-6.1553,-0.5486,-7.3754,-9.1616
168,H,S,S,168,2.8239,-4.3483,-10.0581,-5.5731,-5.4872,-8.3316,-5.8884,-8.0877,-7.4608,-3.5537,-7.5189,-8.9787,-4.0476,-12.9529,-7.6811,-5.9792,-0.7093,-0.8373,-9.0526,-8.9021,-8.0912
169,H,W,W,169,3.3468,-4.8668,-4.3159,-7.7793,-7.0230,-0.8685,-6.1796,-5.8930,-6.3092,-6.6044,-3.5571,-5.7534,-7.7070,-11.0676,-7.1127,-4.1870,-5.4625,-8.0868,-4.9509,-0.7565,-3.8648
170,H,N,N,170,2.3367,-7.6520,-7.9749,-2.2537,-5.8080,-8.8794,-3.5576,-7.6735,-9.3752,-4.6325,-3.1086,-7.9698,-0.2405,-11.4507,-5.0522,-4.7831,-5.1249,-10.2971,-10.8835,-9.6593,-8.7704
171,H,S,S,171,9.2385,-3.8587,-7.2438,-1.6408,-3.8172,-3.3041,-4.2682,-4.5209,-5.8501,-2.8460,-4.1269,-6.0327,-2.6190,-6.1428,-5.3649,-3.8626,-1.2680,-3.0904,-6.8877,-3.0144,-1.9409
172,H,G,G,172,1.1264,-8.0083,-11.8132,-5.3369,-5.5774,-9.2456,-0.0171,-8.9852,-9.8473,-6.4398,-7.9906,-10.0288,-7.2133,-9.5401,-6.7046,-5.6978,-8.3709,-10.3134,-10.0668,-11.8425,-9.6515
173,H,A,S,173,4.9932,-4.4626,-9.4549,-2.9219,-4.3262,-4.8609,-3.3276,-5.1574,-5.6197,-3.1861,-4.6192,-6.7550,-2.0978,-8.0328,-6.2095,-3.3595,-0.5593,-2.5667,-6.4275,-7.7717,-5.1683
174,H,L,I,174,4.1813,-6.3536,-8.9468,-4.0951,-5.1255,-4.8550,-9.1451,-5.8166,-0.5198,-3.0666,-1.7946,-5.1460,-4.1158,-10.5029,-6.2117,-3.9755,-5.6229,-4.2495,-2.3985,-7.9893,-5.2571
175,H,T,T,175,3.0281,-4.4272,-10.6035,-5.6095,-4.6246,-6.5154,-6.4994,-6.5259,-4.0207,-2.7629,-6.0854,-6.4491,-3.4546,-11.9386,-4.9563,-5.4841,-2.5611,-0.3031,-3.6572,-9.6310,-7.1086
176,H,S,S,176,7.2750,-3.0494,-8.6248,-1.9694,-3.0953,-6.1093,-3.9601,-5.3258,-5.4459,-2.5504,-6.1853,-7.3514,-2.1477,-4.1785,-5.0807,-3.5095,-0.9096,-2.5856,-6.4330,-6.1108,-5.0573
177,H,G,G,177,3.0106,-6.4720,-8.8919,-5.3018,-5.8061,-7.2960,-0.6151,-4.9942,-11.0685,-4.5242,-5.5734,-8.9174,-3.2239,-8.6168,-4.5936,-1.0035,-5.3678,-8.3176,-11.2169,-7.0067,-5.3060
178,H,V,V,178,1.6569,-3.0659,-7.5567,-7.3629,-6.6421,-6.5334,-4.3222,-7.9739,-4.5018,-7.9040,-4.3315,-6.6696,-7.4417,-12.7613,-7.5871,-6.8744,-6.5292,-5.1101,-0.1058,-9.3079,-7.2611
179,H,H,S,179,8.8408,-2.3350,-4.6666,-5.1585,-6.0190,-3.6307,-6.8786,-2.4923,-5.7284,-3.1272,-7.3981,-8.0537,-3.0084,-8.8764,-4.9902,-1.6223,-1.3381,-2.9049,-3.4618,-6.2340,-2.0945
180,H,T,A,180,4.4466,-0.7016,-4.4441,-6.4461,-9.5495,-4.0316,-3.7536,-7.0177,-4.8037,-7.8448,-6.0892,-6.2691,-6.2306,-6.6801,-6.6828,-6.8880,-1.2803,-2.9272,-2.8082,-3.2709,-7.2755
181,H,F,F,181,3.5835,-6.9320,-6.3423,-7.4428,-6.2408,-0.5785,-6.4341,-2.6989,-4.9510,-6.0035,-2.8012,-4.3279,-4.9880,-11.4782,-6.3026,-7.1517,-5.3980,-7.3148,-6.5983,-6.8708,-1.3295
182,H,P,P,182,7.8782,-3.4615,-7.0386,-5.4702,-3.3076,-6.0893,-3.3938,-2.6459,-5.7891,-2.9739,-3.8657,-6.6008,-3.1490,-0.7725,-2.6120,-2.7566,-3.4797,-3.2179,-4.3617,-6.2319,-4.1089
183,H,A,P,183,3.4370,-2.2657,-5.9092,-7.1558,-7.3457,-7.5817,-4.7042,-6.7014,-8.2333,-7.3222,-6.1173,-9.2025,-5.2420,-0.4709,-6.9125,-4.9844,-1.9049,-2.4791,-5.0799,-8.2199,-6.5871
184,H,V,V,184,5.9743,-2.0656,-6.3844,-5.1512,-6.0454,-5.5268,-6.2299,-4.4315,-3.9680,-4.9457,-5.9172,-8.1268,-2.1806,-10.2844,-5.5240,-3.9195,-3.0901,-1.4259,-0.9628,-6.5113,-4.5490
185,H,L,L,185,4.6634,-5.4427,-7.9172,-5.4358,-3.3742,-6.1637,-7.8178,-5.7750,-5.3536,-1.7308,-0.5798,-3.7038,-4.7285,-7.2995,-3.6141,-2.6189,-5.0184,-2.8860,-4.5388,-7.3899,-6.4842
186,H,Q,L,186,5.9169,-4.9234,-6.1601,-3.1976,-3.1078,-6.5190,-1.1769,-4.1500,-9.9574,-3.6471,-0.9342,-4.5141,-3.6657,-10.9787,-2.8388,-3.5154,-5.0224,-3.6024,-8.7006,-7.2353,-6.8807
187,H,S,S,187,6.4817,-3.0894,-8.3808,-3.7952,-3.9894,-5.9887,-3.6835,-4.6406,-6.5020,-2.8299,-4.4674,-7.6042,-4.1787,-1.5019,-3.5942,-2.7665,-0.8185,-3.8650,-5.0435,-6.0634,-5.4680
188,H,S,S,188,1.8909,-8.7767,-9.1032,-3.2277,-8.0360,-9.6589,-6.0532,-8.8101,-9.0270,-7.0081,-8.4250,-10.8391,-3.5457,-14.2932,-9.8368,-5.4325,-0.1731,-2.5090,-11.0370,-9.0338,-9.1918
189,H,G,G,189,1.1055,-6.7761,-11.9435,-8.0261,-5.5276,-11.3850,-0.0139,-8.5903,-11.5494,-6.5777,-8.1556,-10.5853,-7.9104,-11.8811,-6.9806,-5.5580,-6.8753,-9.2209,-9.5072,-9.6011,-10.6199
190,H,L,K,190,7.5456,-4.0374,-8.8810,-7.0981,-4.1588,-3.7145,-9.9594,-2.9012,-5.5905,-1.2337,-1.2691,-4.2685,-3.6522,-13.3188,-4.2315,-2.5115,-3.6784,-2.1320,-5.2790,-7.1434,-3.6888
191,H,Y,Y,191,3.6171,-5.7092,-5.9522,-7.8857,-8.5805,-1.7983,-6.9157,-2.3516,-8.6992,-6.3419,-5.0741,-7.0692,-3.0135,-10.2956,-6.6898,-4.7792,-4.4018,-8.3627,-7.7454,-3.3941,-0.4822
192,H,S,S,192,3.9086,-1.2972,-6.5659,-4.9188,-5.1056,-6.0665,-4.4424,-4.9151,-7.4671,-4.6438,-5.8889,-6.2911,-3.8356,-7.8812,-4.5879,-3.6731,-0.5929,-2.8014,-5.9407,-7.4283,-6.5204
193,H,L,T,193,3.4098,-2.6129,-4.0484,-8.5486,-8.5426,-3.4813,-6.0816,-5.3009,-5.7741,-8.2098,-2.8847,-4.3781,-5.1379,-7.0301,-7.3107,-6.0527,-2.4445,-0.3678,-5.2547,-7.8769,-5.3838
194,H,S,V,194,4.5824,-2.5465,-4.5445,-4.7280,-4.7517,-9.2734,-5.7299,-6.5197,-1.3865,-8.0051,-7.7660,-8.2564,-3.2502,-8.5023,-4.7669,-7.4682,-3.7990,-2.5750,-0.7122,-9.1913,-7.6123
195,H,S,A,195,4.4283,-0.6509,-1.8032,-6.4434,-8.2733,-8.1813,-2.8790,-7.3918,-6.4610,-9.0848,-7.1767,-6.9446,-6.2858,-8.3200,-7.2810,-6.9640,-2.0604,-3.0528,-2.7211,-4.9596,-8.8562
196,H,V,H,196,8.2706,-3.8581,-4.9848,-6.0182,-5.7398,-4.9762,-5.6974,-1.2118,-2.9839,-6.0935,-2.4733,-6.0316,-3.7152,-9.7924,-2.8363,-3.5637,-4.2848,-2.0129,-1.5054,-3.4427,-5.0742
197,H,V,I,197,4.4382,-4.4150,-7.0523,-9.1983,-7.2207,-7.1125,-6.7158,-5.5649,-0.6131,-5.2576,-4.3714,-4.8966,-6.0905,-11.2790,-4.2601,-1.8179,-3.5148,-2.0156,-2.6547,-9.2833,-6.7242
198,H,T,S,198,7.9662,-3.6220,-6.3497,-3.7668,-3.6550,-5.6114,-4.5182,-3.8652,-4.9916,-2.4235,-5.6015,-5.7282,-3.0184,-7.0497,-3.0569,-1.7173,-1.0730,-1.9118,-4.4995,-5.5958,-5.5962
199,H,V,L,199,5.6141,-3.5372,-7.2500,-5.6743,-6.4717,-2.5748,-5.5220,-4.2664,-1.8055,-6.6583,-0.7857,-3.1754,-7.1612,-10.0906,-6.9932,-6.5755,-5.3243,-3.5427,-1.8849,-7.7444,-3.9874
200,H,P,P,200,5.8397,-2.8986,-8.7914,-3.5878,-5.0855,-7.4721,-2.7290,-5.0481,-7.0130,-3.2111,-3.8317,-7.1486,-3.4228,-0.6462,-4.8095,-3.0703,-2.0774,-3.3641,-6.6680,-7.8648,-6.1040
201,H,S,T,201,8.8809,-2.0951,-7.9869,-4.4640,-4.2463,-5.0319,-4.7019,-5.2611,-4.0995,-2.3320,-2.9917,-6.1945,-4.5395,-4.7984,-4.6073,-2.8116,-2.4248,-1.1153,-1.9922,-5.3955,-4.0290
202,H,S,G,202,5.1364,-1.0905,-9.3317,-2.8709,-3.3243,-4.9590,-0.8643,-5.3560,-6.8971,-4.0321,-4.8546,-6.7123,-4.1880,-9.8560,-5.0043,-4.0663,-3.1383,-5.5647,-4.8535,-5.6972,-4.3461
203,H,S,A,203,7.3408,-0.7583,-7.0561,-2.3150,-2.4499,-3.9635,-6.0020,-2.7581,-7.7663,-3.2465,-3.3397,-5.2267,-4.6785,-12.3977,-3.5944,-3.9648,-3.1535,-5.3578,-3.4620,-4.6708,-3.3061
204,H,L,L,204,1.3021,-7.3336,-8.6789,-9.0318,-8.6528,-7.1042,-9.4983,-9.6093,-3.2464,-9.5131,-0.0552,-7.1503,-9.7636,-11.0027,-8.8226,-6.8931,-8.4666,-7.0512,-4.6825,-8.0934,-10.7441
205,H,G,S,205,3.1127,-2.5782,-8.9149,-4.2983,-5.8665,-7.1893,-3.7703,-6.2341,-5.2745,-5.7115,-5.4850,-8.0012,-4.1551,-4.1341,-6.0309,-4.1497,-0.3152,-2.5065,-5.0525,-8.9110,-6.6720
206,H,T,S,206,2.3625,-5.6448,-9.1757,-6.4539,-6.7234,-6.6363,-4.4166,-5.7976,-4.7854,-5.8585,-6.3537,-7.3928,-5.1638,-9.7863,-6.5513,-2.8383,-0.2294,-2.3903,-5.3218,-6.3808,-5.3705
207,H,Q,T,207,5.4341,-5.9203,-9.7069,-5.9931,-5.3805,-5.7856,-7.3806,-5.4914,-3.6838,-2.3355,-3.7194,-4.1671,-4.5623,-12.9337,-3.9526,-1.0800,-3.7740,-0.9586,-3.7743,-7.4419,-3.8385
208,H,T,R,208,7.1417,-3.6193,-8.2553,-4.7476,-2.8867,-6.5083,-5.7661,-4.1644,-4.3006,-2.9037,-4.1764,-6.1386,-4.7734,-3.9447,-2.8182,-0.8114,-2.2648,-2.0133,-3.5312,-6.8142,-5.8411
209,H,Y,F,209,3.4382,-6.0372,-9.0269,-9.8029,-10.1077,-0.4871,-9.7752,-5.2435,-2.8763,-8.7500,-2.2784,-6.4006,-8.0430,-9.7100,-9.3405,-8.4022,-8.6309,-6.4147,-1.8578,-6.0852,-2.8783
210,H,I,T,210,3.7060,-6.2650,-8.3858,-6.2244,-3.4458,-7.3526,-8.3581,-6.6672,-2.3747,-3.6874,-5.3120,-6.5640,-3.2375,-10.9527,-4.9077,-3.1410,-5.1406,-0.4102,-2.5725,-9.0700,-6.3631
211,H,C,A,211,4.0593,-0.4595,-2.5991,-3.7367,-5.7747,-3.0477,-4.0232,-5.7942,-6.6910,-8.3678,-9.7447,-8.4682,-4.5569,-7.2048,-7.2584,-8.7704,-2.1872,-3.8536,-3.1050,-5.6292,-5.8079
212,H,N,D,212,4.3149,-5.2128,-7.0926,-0.5398,-2.4688,-5.3944,-3.4039,-3.2525,-8.5620,-5.3082,-8.3280,-8.6522,-3.5358,-12.4470,-4.3555,-5.8196,-1.7851,-3.9111,-7.8709,-7.3018,-4.5736
213,H,V,V,213,1.5912,-5.2977,-6.6903,-9.6816,-9.4138,-6.4831,-8.2075,-8.1682,-2.5220,-11.5722,-5.2223,-7.0675,-6.9769,-13.2238,-8.6790,-9.9538,-6.1490,-5.1362,-0.1147,-5.5000,-9.9727
214,H,N,W,214,14.1000,-3.8041,-6.5062,-3.1367,-3.1192,-3.2235,-4.1479,-2.7616,-3.9092,-2.5196,-2.8559,-5.8619,-2.8478,-10.1617,-3.1960,-2.5758,-2.7198,-3.8539,-2.7009,-1.5577,-2.6731
215,H,H,H,215,6.7694,-1.4077,-5.3433,-4.6841,-6.7256,-7.1827,-4.0925,-0.9745,-6.1876,-3.4896,-6.4121,-6.7144,-2.9144,-6.8762,-3.7957,-3.5681,-2.2420,-3.1095,-3.1019,-5.7726,-5.3155
216,H,K,A,216,13.6183,-1.8121,-7.7635,-3.2699,-3.1666,-4.6961,-2.2501,-4.5296,-3.5011,-3.2211,-2.4136,-4.2625,-3.8287,-2.4755,-3.2261,-3.0788,-1.9316,-2.7093,-3.1833,-5.8726,-4.6265
217,H,P,A,217,3.6314,-0.6389,-10.7425,-5.4479,-6.7971,-6.3255,-2.5172,-6.2713,-8.7672,-9.3963,-6.8571,-10.6936,-4.5686,-1.4009,-7.4569,-8.4761,-2.1378,-6.4004,-7.1269,-9.8958,-5.7927
218,H,S,S,218,2.1081,-2.0083,-6.8554,-6.3665,-7.9162,-6.3886,-5.8819,-6.9729,-9.7715,-7.9695,-8.7623,-7.5047,-5.5841,-6.8578,-7.5316,-6.7444,-0.2386,-2.8227,-7.4262,-8.2005,-6.4614
219,H,N,S,219,6.3756,-1.6476,-8.2449,-2.2111,-3.8430,-6.1972,-3.1995,-5.5279,-6.7859,-5.4527,-5.3183,-6.9469,-1.3205,-7.8748,-4.7264,-4.7391,-1.2674,-3.1336,-5.6518,-6.1014,-6.0820
220,H,T,T,220,6.0616,-1.9005,-6.6007,-4.8616,-7.7061,-1.9037,-4.1010,-3.1862,-7.0364,-6.5402,-7.6798,-8.0079,-4.8067,-11.3411,-7.0943,-7.4102,-3.1054,-0.9174,-3.3237,-6.1192,-1.9753
221,H,K,Y,221,8.7793,-1.9267,-6.4898,-3.7737,-5.4402,-1.7072,-4.2742,-3.4262,-4.9790,-6.4124,-3.9629,-6.2065,-4.5089,-5.4518,-5.4945,-4.6591,-2.5770,-3.9166,-3.3958,-1.9393,-1.3239
222,H,V,V,222,3.4347,-3.9117,-8.3534,-4.3174,-5.5419,-5.7749,-6.9814,-5.3903,-1.7330,-6.5619,-6.0504,-6.5291,-5.2290,-9.8502,-5.5852,-7.0367,-6.2186,-1.8597,-0.5102,-8.4518,-5.6267
223,H,D,D,223,3.7727,-1.5653,-7.5115,-0.5769,-4.0425,-5.9564,-2.3184,-7.2136,-9.0852,-6.6040,-6.4349,-7.1409,-4.8655,-5.5383,-5.7550,-7.0116,-2.4670,-6.2421,-6.8053,-6.9072,-6.9032
224,H,K,L,224,2.4584,-5.7063,-8.5728,-7.8140,-6.6776,-6.4512,-6.6865,-7.9818,-3.0257,-8.0116,-0.3402,-4.2992,-8.1581,-10.3534,-5.8925,-7.0958,-7.2789,-4.9892,-1.5839,-8.4429,-7.1582
225,H,K,A,225,8.7602,-1.2253,-7.3237,-3.0991,-1.9190,-5.2619,-4.3051,-4.9028,-5.6899,-4.3253,-2.4784,-6.2895,-4.5185,-3.9606,-2.1282,-5.4004,-4.4520,-2.0753,-2.4335,-6.5715,-5.1938
226,H,V,V,226,1.3129,-7.0568,-8.8825,-10.1319,-10.9031,-10.1948,-10.9007,-10.6337,-2.7625,-12.8786,-7.1267,-7.9487,-8.6080,-15.2552,-10.4853,-11.2663,-8.7934,-6.2842,-0.0701,-12.5728,-12.3792
227,H,E,T,227,6.7534,-2.4707,-7.5940,-3.6755,-2.9024,-7.7073,-7.2618,-8.8188,-4.6088,-4.1091,-1.8515,-3.6691,-3.1870,-7.1687,-5.6499,-5.3839,-1.5139,-1.0728,-4.4267,-10.0447,-8.1904
228,H,P,P,228,1.5803,-3.2664,-8.1028,-8.6528,-7.5153,-8.6487,-6.6227,-8.9136,-7.0069,-6.9018,-5.7273,-7.9168,-8.6745,-0.0938,-6.1863,-5.8252,-5.5410,-4.2793,-3.9154,-8.4648,-9.1303
229,H,K,L,229,5.7552,-2.5681,-7.4939,-4.4356,-4.7944,-5.2985,-6.0540,-7.8364,-3.9930,-2.8897,-0.6162,-2.8283,-4.3175,-6.7567,-4.0738,-3.1247,-4.1893,-4.0330,-2.2245,-5.6636,-6.3037
230,H,S,F,230,14.0331,-3.5791,-7.5293,-2.8670,-3.7304,-1.9169,-4.9578,-3.6709,-2.3395,-3.2143,-2.4663,-6.0199,-3.1021,-9.1468,-3.2132,-2.2724,-2.4892,-2.3843,-2.6634,-4.8356,-3.0758
231,H,C,E,231,8.4085,-1.7925,-5.8213,-1.9095,-1.5197,-4.1890,-5.1280,-6.6888,-3.4456,-7.6869,-2.4297,-5.2892,-6.8754,-5.6726,-3.9383,-8.4600,-2.4209,-3.3752,-1.7861,-10.0271,-7.0133
232,H,L,A,232,5.5911,-0.7789,-7.6974,-3.1156,-3.5813,-4.9207,-4.0114,-5.4011,-6.0548,-3.4176,-3.4414,-7.9377,-3.7204,-6.7528,-4.6425,-5.8531,-1.3626,-2.7428,-4.6911,-7.0186,-5.9238
233,L,A,A,233,9.6490,-1.4626,-5.8793,-1.6101,-3.1626,-7.0496,-2.1786,-7.5970,-3.5394,-6.1852,-3.1817,-5.4073,-2.6440,-3.6787,-3.9637,-4.9221,-2.3212,-2.4320,-3.8469,-7.8693,-6.5973
3,L,V,A,3,2.9645,-0.4104,-3.6484,-5.3473,-5.3049,-7.8642,-1.5294,-8.7336,-9.7802,-8.2569,-5.6679,-5.0023,-6.9357,-3.3093,-6.5367,-9.3837,-5.0053,-6.7369,-3.6491,-9.9786,-9.0021
4,L,L,L,4,1.0027,-12.9174,-14.2690,-15.2761,-12.2068,-10.6606,-13.1352,-14.8897,-13.2341,-13.0456,-0.0003,-8.6536,-14.9634,-16.7390,-10.8359,-12.5972,-14.0060,-15.4125,-11.2827,-13.3848,-13.2595
5,L,T,T,5,1.1518,-6.7788,-12.0708,-10.3247,-9.7773,-10.0188,-9.4900,-10.5993,-6.6116,-7.8572,-8.8838,-8.7588,-7.5051,-14.2352,-8.4752,-7.6782,-3.9273,-0.0253,-7.3127,-12.3216,-10.7204
6,L,Q,Q,6,1.0091,-11.8059,-13.4579,-14.9910,-7.0293,-17.2029,-13.6980,-12.5033,-15.9256,-13.5036,-9.4358,-11.4096,-12.7137,-16.1638,-0.0011,-12.6987,-10.5731,-10.5838,-12.6481,-16.7599,-17.8357
7,L,P,P,7,1.0203,-6.9601,-14.2805,-9.1347,-7.5222,-13.0636,-9.2809,-11.2131,-13.5765,-10.3030,-10.8330,-14.6453,-12.0956,-0.0023,-9.2764,-11.1658,-8.0415,-9.9036,-10.3568,-14.4557,-13.3272
8,L,P,P,8,1.9387,-2.5582,-11.4182,-6.9925,-7.0493,-8.5406,-6.7965,-6.1487,-8.0714,-4.3133,-6.0304,-10.3300,-7.0839,-0.1622,-6.5715,-4.5506,-3.5580,-4.9298,-6.2104,-9.8661,-8.0400
9,L,S,S,9,1.1435,-3.6942,-12.2749,-9.8959,-10.5169,-7.0466,-8.7463,-9.8287,-13.7607,-9.2318,-9.6258,-10.9400,-9.1362,-12.6888,-10.4217,-9.0288,-0.0271,-8.8377,-10.8715,-11.9167,-8.9289
11,L,V,V,11,1.1845,-4.5681,-10.2210,-12.8371,-8.5785,-10.7221,-11.5239,-13.0784,-7.5939,-9.2152,-10.6022,-11.7561,-11.3618,-13.7783,-10.3913,-10.5753,-8.2483,-3.8842,-0.0327,-15.5892,-12.8573
12,L,S,S,12,1.0134,-6.8639,-11.8665,-11.2379,-12.7337,-8.7392,-10.5178,-10.6526,-15.9291,-11.4556,-11.3714,-11.5711,-8.6291,-14.1415,-12.4477,-10.9494,-0.0015,-11.1878,-15.7022,-14.5675,-11.5377
13,L,A,A,13,1.8335,-0.1734,-11.2100,-4.9653,-2.4111,-11.4356,-2.9034,-9.0488,-13.2628,-5.6099,-10.1386,-10.2709,-6.6999,-11.5773,-7.3257,-7.7410,-6.9847,-8.2773,-8.1509,-13.4444,-11.5423
14,L,A,A,14,1.6900,-0.1788,-11.3488,-8.4475,-8.8706,-7.2913,-6.0901,-8.4700,-9.0988,-6.7021,-6.3496,-8.4596,-6.5064,-7.5745,-9.9432,-7.8988,-1.9012,-5.3266,-9.0814,-11.3620,-8.9225
15,L,P,P,15,1.0267,-9.1297,-12.3950,-14.3494,-12.5660,-12.8021,-13.6547,-14.9924,-8.3796,-11.6977,-9.0720,-13.1622,-13.9941,-0.0036,-12.6551,-10.1869,-9.7464,-10.4278,-5.8204,-14.6372,-14.9228
16,L,G,G,16,1.0227,-10.0100,-15.0735,-10.8177,-8.8647,-13.4398,-0.0027,-11.9441,-16.5025,-7.0527,-12.4936,-13.8907,-10.6875,-17.8451,-12.0814,-6.5602,-8.6369,-10.3127,-14.3381,-13.1172,-13.3084
17,L,Q,Q,17,3.1342,-2.7745,-9.4769,-6.9308,-4.6843,-8.8282,-6.0963,-5.4622,-10.2280,-3.4077,-7.4615,-8.3136,-5.6203,-13.4694,-0.3912,-6.0198,-2.5430,-2.0739,-11.3529,-13.3330,-10.0950
18,L,K,K,18,3.4098,-5.6205,-10.9124,-12.4120,-8.4536,-11.4082,-8.0308,-10.0290,-10.1751,-0.7295,-11.6398,-6.7611,-8.7848,-8.4625,-6.8139,-1.8265,-2.7250,-1.2573,-12.2480,-11.9651,-13.9552
19,L,V,V,19,1.1028,-10.7065,-14.7615,-20.0005,-16.0174,-10.9759,-18.0211,-15.0075,-3.9276,-14.5781,-10.4685,-13.0743,-17.1167,-14.6688,-14.4555,-15.7778,-16.4261,-11.0619,-0.0200,-16.0813,-14.8338
20,L,T,T,20,1.5688,-5.0061,-9.3382,-8.8705,-7.1512,-8.8878,-9.9207,-11.8095,-6.1709,-6.9047,-10.6835,-7.9483,-6.4092,-11.2094,-6.9897,-7.0373,-2.2155,-0.1328,-7.8674,-12.1416,-11.7899
21,L,I,I,21,1.0417,-15.2280,-11.7415,-18.0823,-18.6275,-10.1479,-17.5106,-17.8146,-0.0061,-16.0511,-7.1484,-8.0085,-15.6656,-22.0510,-17.2451,-16.7908,-14.4027,-14.4115,-5.3202,-15.5988,-15.5876
22,L,S,S,22,1.2292,-5.4697,-11.7491,-9.1499,-9.1154,-8.1299,-7.4554,-10.3540,-10.9529,-8.4527,-11.6007,-10.6749,-7.7969,-8.0529,-8.9469,-8.4749,-0.0439,-3.3183,-12.3153,-10.1316,-9.8743
23,L,C,C,23,1.0021,-9.0320,-0.0002,-14.9852,-16.0948,-14.0457,-9.9366,-16.6879,-14.9715,-16.7745,-15.9906,-16.2286,-15.2981,-19.3270,-17.1899,-14.8398,-10.9875,-13.6298,-11.4180,-15.5616,-15.5718
24,L,S,S,24,1.9550,-4.7208,-10.1824,-7.5541,-8.7733,-6.5352,-4.7997,-7.6166,-5.9728,-5.6076,-4.7714,-9.5041,-5.9234,-10.5634,-7.0004,-5.1757,-0.1995,-1.9928,-7.7873,-10.0745,-8.1059
25,L,G,G,25,1.0001,-13.8135,-18.4599,-14.1275,-16.6666,-19.1530,-0.0000,-19.8278,-21.2502,-16.9060,-16.3415,-21.0534,-18.0455,-19.1727,-19.2272,-13.2558,-13.7749,-17.2551,-19.2313,-19.3131,-19.1839
26,L,S,S,26,2.4469,-6.3578,-9.0753,-5.8258,-9.5610,-7.6511,-4.9855,-7.9466,-7.0060,-6.5612,-8.7412,-10.4293,-3.0795,-12.4317,-9.3858,-4.9412,-0.4088,-1.3219,-8.9919,-9.8524,-7.6703
27,L,S,S,27,2.3979,-5.5856,-10.1285,-5.3066,-6.5410,-5.2502,-4.4519,-6.1702,-5.6696,-4.3026,-5.3173,-8.1272,-3.6597,-6.6649,-6.0247,-2.3212,-0.2216,-4.5613,-7.2049,-7.4678,-4.8196
28,L,S,S,28,2.0356,-5.3716,-10.4947,-4.1821,-7.0480,-6.4282,-4.4939,-6.3575,-6.6546,-5.9119,-7.2028,-9.6423,-2.5561,-10.1795,-7.3596,-3.7618,-0.1711,-4.9424,-7.8096,-8.3551,-4.8518
29,L,N,N,29,1.8571,-8.6487,-11.1715,-1.2630,-10.4021,-13.2504,-11.4317,-10.6977,-9.4291,-10.4765,-12.5975,-13.8112,-0.3366,-13.5402,-11.0987,-11.1573,-6.7800,-6.5310,-10.4188,-16.6156,-12.8239
30,L,I,I,30,1.1772,-12.3330,-15.0093,-14.7259,-14.5818,-10.5214,-14.0147,-14.2844,-0.0359,-11.2752,-3.4293,-10.4880,-11.5649,-14.7488,-12.8678,-11.2904,-13.3628,-9.6194,-5.9375,-16.9051,-13.7260
35,L,G,G,35,1.0000,-14.8439,-22.3515,-15.7222,-15.8705,-18.9671,-0.0000,-18.3849,-18.4750,-17.7849,-18.7876,-21.3075,-17.1302,-21.1310,-19.9145,-16.3053,-18.1627,-20.5963,-18.9756,-20.7939,-17.5037
36,L,N,N,36,1.7856,-6.1441,-9.9990,-5.5825,-7.5217,-9.5348,-6.4216,-7.2675,-10.0073,-4.3755,-8.2017,-7.7645,-0.1613,-13.3966,-8.1822,-4.2340,-2.2218,-5.8510,-11.2864,-10.8817,-7.3395
37,L,N,N,37,1.4280,-8.9140,-8.7327,-6.0611,-7.0254,-6.4635,-6.6628,-3.5287,-14.1003,-5.8082,-12.0493,-12.1671,-0.0685,-15.3065,-5.7547,-7.6444,-4.1355,-6.6518,-13.4456,-10.5299,-5.0371
38,L,Y,Y,38,4.1563,-2.6656,-7.1375,-3.0288,-5.7964,-2.8800,-4.5592,-3.9298,-6.2324,-5.6615,-5.0881,-7.9754,-3.8599,-3.8873,-6.6550,-5.6597,-4.4389,-3.1547,-5.0193,-4.9118,-0.4076
39,L,V,V,39,1.0148,-7.0579,-11.3642,-13.1410,-15.7123,-13.6488,-12.7621,-16.0653,-8.2891,-15.0095,-13.3122,-11.0777,-12.2504,-12.3266,-15.5417,-15.6430,-11.7036,-7.4874,-0.0017,-16.6938,-15.0806
40,L,S,S,40,1.4358,-5.1858,-3.0205,-6.4783,-7.6257,-7.1082,-6.7193,-6.1384,-11.0075,-9.3606,-9.1650,-8.4999,-5.0712,-14.8913,-5.7566,-7.4019,-0.0762,-7.3782,-10.3429,-10.3408,-6.4220
41,L,W,W,41,1.0005,-13.8006,-12.9105,-15.3346,-16.3874,-11.3597,-14.3300,-13.4598,-15.8849,-16.1476,-12.9665,-13.4824,-13.7800,-19.3313,-14.4851,-12.1054,-13.3676,-14.6186,-14.2690,-0.0000,-11.7552
42,L,Y,Y,42,1.2079,-12.7406,-9.4307,-12.4134,-11.9811,-3.4950,-13.2958,-4.8510,-12.3083,-13.6795,-8.3968,-13.0787,-9.6222,-18.1768,-10.4107,-13.4036,-11.5183,-14.7679,-11.9059,-8.0365,-0.0397
43,L,Q,Q,43,1.0555,-9.7709,-11.5062,-12.0108,-5.9422,-13.7028,-12.0655,-7.4845,-11.1398,-9.1048,-11.2475,-10.0655,-11.1656,-12.4473,-0.0078,-5.4712,-10.4234,-11.1132,-11.1875,-13.8751,-12.6826
44,L,Q,Q,44,1.0428,-11.9431,-12.0063,-13.4198,-6.2616,-14.8567,-12.8003,-7.2093,-12.6065,-7.6543,-8.9427,-10.2315,-11.7583,-16.5554,-0.0055,-6.1680,-11.5546,-11.5323,-10.0338,-13.1603,-14.9067
45,L,L,L,45,1.4387,-6.3018,-9.4225,-9.9619,-7.7455,-5.5163,-11.3186,-5.1050,-4.2933,-6.4619,-0.0648,-5.2239,-8.5086,-10.2109,-6.4783,-6.6719,-6.5882,-5.4564,-3.8921,-9.4444,-7.6368
46,L,P,P,46,1.0180,-8.2831,-12.4165,-12.3667,-10.1940,-11.5944,-11.0893,-8.5495,-11.6394,-12.2368,-7.7876,-14.9590,-12.7348,-0.0019,-9.9321,-9.6815,-7.4620,-8.6833,-9.0896,-11.9657,-12.3895
47,L,G,G,47,1.1490,-6.1021,-11.7738,-5.1483,-5.0720,-9.3551,-0.0206,-7.6548,-11.1382,-7.9179,-7.6960,-11.0473,-7.9628,-10.8821,-8.9081,-6.0629,-7.9972,-7.2494,-7.3502,-9.3031,-10.1209
48,L,T,T,48,1.3831,-6.6503,-10.3151,-11.6532,-9.1872,-5.5185,-11.5456,-6.0747,-10.1872,-4.2961,-4.0668,-7.1072,-6.2211,-11.1238,-6.6693,-6.5974,-4.3723,-0.0587,-11.1384,-11.0549,-7.9459
49,L,A,A,49,1.2293,-0.0463,-11.9968,-11.9425,-11.1498,-12.4618,-6.8384,-11.5026,-15.2146,-11.5406,-13.4452,-14.7014,-10.4102,-3.2450,-11.9922,-12.7457,-5.3087,-9.0895,-11.3014,-15.6460,-14.1488
50,L,P,P,50,1.0011,-11.6565,-14.2908,-12.6680,-12.0320,-11.8131,-12.8399,-11.4682,-16.6786,-13.6502,-11.1879,-14.9693,-11.3386,-0.0001,-13.8276,-13.6629,-11.9219,-14.2944,-13.3712,-13.1961,-12.2790
51,L,K,K,51,2.4643,-5.1970,-10.9397,-9.0063,-3.8201,-6.9993,-9.1978,-6.5444,-6.0324,-0.2499,-6.4979,-6.3617,-5.6823,-13.4407,-4.8253,-3.3740,-6.5060,-3.3267,-2.2886,-10.7054,-7.0117
52,L,R,L,52,4.6930,-4.1392,-6.3942,-12.2589,-7.0034,-8.6661,-6.6713,-9.1661,-3.5013,-6.3193,-0.7580,-4.4771,-7.5547,-6.8063,-3.1273,-1.7016,-6.8848,-3.0584,-1.6511,-8.1840,-10.1492
53,L,L,L,53,1.0099,-14.0543,-13.0482,-15.5596,-12.6647,-12.8898,-16.9821,-15.2947,-9.9565,-13.1600,-0.0012,-6.8075,-14.5181,-20.5759,-11.5126,-11.3854,-15.1745,-14.1742,-10.9280,-13.0976,-14.8782
54,L,I,I,54,1.2538,-13.3530,-13.5416,-15.5855,-14.6089,-12.6452,-13.9854,-13.9936,-0.0606,-14.7632,-9.9047,-8.6676,-10.1910,-19.5523,-13.5520,-15.3940,-12.9231,-9.9715,-2.8385,-16.2443,-13.9228
55,L,Y,Y,55,1.2828,-10.1490,-10.6700,-9.0457,-11.5991,-2.9716,-9.5975,-5.1697,-10.7943,-10.8840,-8.6048,-12.0610,-9.8278,-16.3188,-11.4689,-10.0700,-7.8197,-9.6928,-10.6855,-8.7439,-0.0599
56,L,D,D,56,1.5563,-4.7928,-11.7692,-0.0870,-3.3614,-8.2473,-5.5766,-7.3882,-10.1449,-5.3683,-7.3207,-8.3137,-4.8741,-11.9095,-6.0887,-4.1376,-6.9515,-6.7227,-8.5920,-7.9617,-6.5088
57,L,N,N,57,2.0010,-10.2789,-11.5097,-0.8512,-9.2614,-11.5962,-10.9744,-10.0640,-11.6596,-10.3850,-11.8981,-13.9588,-0.5589,-15.1300,-11.6913,-12.1196,-7.7296,-7.6271,-10.1122,-12.7435,-10.3446
65,L,N,N,65,1.2952,-6.9379,-11.4542,-3.3642,-7.6058,-8.4482,-10.5541,-6.4755,-8.0677,-5.3227,-11.3168,-9.5027,-0.0513,-12.8165,-7.0831,-8.6808,-5.3655,-7.4325,-10.7136,-11.8879,-7.4711
66,L,K,K,66,1.7105,-8.0434,-11.0376,-5.6627,-4.9488,-8.9451,-9.1648,-6.9589,-7.3441,-0.1332,-6.4916,-7.0875,-4.1090,-12.2946,-2.5006,-4.8353,-7.4687,-6.8713,-6.4887,-13.0856,-9.1106
67,L,R,R,67,1.0409,-11.7830,-14.0270,-12.0163,-12.9637,-12.3265,-12.6334,-11.1940,-12.9145,-9.2596,-5.1046,-12.9294,-9.8095,-13.7213,-10.0392,-0.0064,-12.0187,-12.2874,-12.4797,-12.3765,-11.1642
68,L,P,P,68,1.0008,-11.1989,-16.1363,-13.8717,-14.4822,-14.5672,-13.0163,-13.4083,-12.0673,-14.2370,-12.0750,-16.1895,-12.7890,-0.0001,-14.6092,-12.2115,-12.3540,-11.1947,-12.9806,-16.4951,-15.3518
69,L,S,S,69,1.0371,-6.6343,-13.1777,-7.4319,-10.7746,-9.9438,-7.6088,-11.3106,-10.1370,-10.1652,-10.6780,-14.3001,-10.0745,-6.8329,-11.1629,-8.1247,-0.0044,-8.5242,-9.0370,-12.4232,-11.7155
70,L,G,G,70,1.0072,-9.5503,-15.1014,-8.2658,-8.5643,-12.9570,-0.0007,-13.4581,-13.7397,-11.8152,-12.4258,-14.2129,-12.5740,-14.7318,-11.6117,-9.6625,-13.6851,-13.2788,-10.7235,-9.5066,-11.9220
71,L,I,I,71,1.6316,-13.0265,-14.7533,-15.1165,-13.9147,-13.9989,-15.7687,-19.1367,-0.2092,-14.8730,-11.7592,-12.1465,-11.4809,-19.3869,-14.4923,-15.0024,-15.8382,-7.2186,-1.6713,-15.3693,-17.1022
72,L,P,P,72,1.0240,-9.9416,-15.0384,-11.3003,-11.9604,-13.4136,-11.5720,-11.1466,-11.0743,-12.4172,-11.6817,-16.0500,-12.6992,-0.0032,-13.2194,-11.9339,-5.8770,-8.1331,-11.3673,-16.5917,-14.9237
74,L,D,D,74,1.2974,-5.9139,-14.0293,-0.0565,-3.1381,-10.3886,-8.3661,-8.1730,-9.6851,-8.1045,-9.8934,-11.7125,-5.3658,-11.8659,-9.3705,-10.3260,-7.2575,-8.4989,-6.1757,-11.4755,-9.7228
75,L,R,R,75,1.0183,-10.2096,-9.9913,-12.0487,-12.2604,-13.1468,-11.0681,-10.8175,-10.0640,-6.6516,-10.6894,-11.3147,-10.5553,-13.9143,-9.3478,-0.0021,-8.1107,-8.9233,-10.9652,-10.3305,-12.4639
76,L,F,F,76,1.0023,-15.0642,-14.7303,-16.7405,-17.1530,-0.0002,-18.4362,-13.7333,-11.9737,-19.2403,-10.0459,-14.3184,-15.8421,-23.6606,-18.6835,-20.6812,-17.4961,-18.2560,-12.6138,-12.2797,-8.7199
77,L,S,S,77,1.0735,-5.9126,-14.0357,-11.1000,-12.7005,-11.6697,-8.7655,-12.5123,-10.4083,-10.3252,-13.0083,-13.0483,-9.5725,-15.2928,-12.0867,-9.1314,-0.0114,-4.8033,-12.0007,-15.4668,-12.8708
78,L,G,G,78,1.0000,-12.5846,-18.8410,-17.4011,-18.3482,-19.9437,-0.0000,-20.2387,-20.3611,-21.2021,-17.7246,-20.9227,-18.7780,-22.0327,-19.8820,-18.4385,-16.5519,-20.9063,-20.2364,-22.8093,-23.1291
79,L,S,S,79,1.0982,-7.7754,-11.9615,-8.6774,-9.8955,-10.0386,-6.8825,-10.7969,-10.1396,-8.3779,-12.0905,-11.8032,-6.8107,-12.8319,-9.6057,-7.1661,-0.0150,-4.5283,-11.4265,-11.3530,-9.7934
80,L,K,K,80,1.0355,-11.1565,-16.1005,-15.0596,-11.9245,-16.3522,-15.1831,-14.0824,-9.3248,-0.0051,-10.9108,-11.3787,-9.5241,-16.1828,-8.8169,-5.3870,-9.8519,-9.1813,-10.7800,-16.6873,-15.8567
83,L,S,S,83,1.0485,-8.1678,-11.4561,-9.7282,-13.4722,-5.7483,-10.7575,-8.9701,-9.4440,-11.5647,-9.6193,-12.9480,-9.4396,-12.8946,-12.0523,-10.5809,-0.0063,-8.3219,-9.6321,-8.1028,-6.3977
84,L,G,G,84,1.0463,-6.9178,-14.6272,-6.4265,-8.7644,-12.4449,-0.0059,-11.3400,-12.8367,-9.2442,-11.7672,-13.0167,-8.6582,-13.8803,-11.0058,-7.8820,-6.0574,-10.2788,-11.1260,-11.6856,-11.8128
85,L,T,T,85,1.0138,-9.7625,-15.0835,-9.2583,-11.1568,-15.0469,-12.3821,-12.3123,-10.5541,-12.1482,-15.6641,-14.8883,-6.6189,-12.6134,-12.3340,-12.6456,-9.2587,-0.0017,-11.8821,-16.4576,-14.4338
86,L,S,S,86,1.0630,-6.4979,-15.0968,-7.6229,-10.7911,-13.7547,-8.6718,-10.7229,-11.8856,-10.2466,-17.3748,-11.0950,-8.5085,-17.8186,-12.7070,-10.7899,-0.0093,-4.9984,-13.6975,-14.9873,-13.2493
87,L,A,A,87,1.0010,-0.0001,-14.1812,-13.7988,-14.4022,-18.1338,-9.8418,-15.6103,-24.3392,-17.5782,-22.5474,-19.3180,-16.5148,-17.0190,-15.0277,-15.8738,-10.4151,-13.4780,-14.1862,-19.7358,-15.7150
88,L,T,T,88,1.2877,-4.3381,-10.4476,-4.7967,-6.5310,-10.7982,-7.4024,-9.9505,-6.4759,-9.8762,-9.8764,-7.6982,-7.0013,-11.8341,-9.9118,-10.6195,-4.2385,-0.0447,-5.9287,-14.3462,-10.8129
89,L,L,L,89,1.0002,-14.9449,-15.6979,-17.7321,-15.4710,-13.6239,-18.1174,-15.2025,-13.0638,-16.4300,-0.0000,-11.6002,-16.3747,-21.4162,-13.1045,-16.1010,-15.5341,-17.2185,-13.7364,-18.1639,-17.8791
90,L,G,G,90,1.0626,-4.6921,-12.1353,-8.0698,-8.9916,-13.4959,-0.0101,-12.2017,-13.3037,-14.5802,-14.3144,-14.2042,-11.1333,-15.0888,-12.7602,-13.7673,-8.7499,-8.3869,-10.6753,-13.1917,-12.1362
91,L,I,I,91,1.1092,-13.3779,-15.1594,-15.2174,-14.2332,-12.4724,-16.2476,-16.4202,-0.0195,-14.6955,-5.9100,-10.4037,-15.6031,-18.4038,-14.5617,-14.2255,-15.1286,-12.8749,-4.0997,-15.0543,-17.3634
92,L,T,T,92,1.2703,-7.2078,-13.3462,-8.5492,-10.2551,-13.5399,-8.6883,-10.8234,-7.6582,-8.6318,-14.2154,-12.9477,-7.2622,-12.8899,-11.2678,-9.1664,-2.8847,-0.0604,-9.5359,-13.8486,-13.1699
93,L,G,G,93,1.0782,-7.7664,-12.5443,-6.0092,-7.6369,-13.3785,-0.0104,-10.5852,-11.5988,-6.9255,-11.7258,-12.4525,-6.6137,-16.7240,-10.7306,-5.5137,-8.0181,-9.9594,-8.9170,-10.7697,-12.4943
94,L,L,L,94,1.0010,-14.1633,-14.4606,-17.0169,-16.0479,-14.1977,-14.6826,-15.5601,-9.9796,-13.8102,-0.0001,-12.0413,-14.0014,-15.5065,-14.7348,-14.5403,-14.9411,-12.8702,-10.7398,-15.9645,-17.2819
95,L,Q,Q,95,1.3270,-8.3077,-14.0428,-8.3093,-4.7862,-12.3373,-11.2770,-5.8607,-10.4551,-3.6442,-5.6820,-8.0681,-6.9439,-15.0960,-0.0534,-4.7362,-9.3248,-7.4885,-10.0609,-12.8044,-11.5124
96,L,T,T,96,1.9841,-2.9939,-8.3685,-7.2425,-6.5180,-7.2118,-7.9377,-6.8906,-5.3002,-7.2436,-7.5081,-8.3958,-6.6734,-6.9557,-6.8978,-6.9535,-4.3848,-0.1883,-2.3733,-8.7392,-7.5890
97,L,G,E,97,3.5570,-3.7547,-8.8494,-1.8598,-0.4934,-8.4581,-2.0867,-8.2333,-5.9818,-6.5038,-5.2781,-3.0860,-6.7600,-9.9332,-6.2300,-6.9796,-7.2066,-6.5911,-3.7101,-9.8924,-9.9683
98,L,D,D,98,1.0014,-12.9282,-15.5641,-0.0001,-10.7068,-15.7888,-14.6723,-10.0871,-16.7689,-19.0476,-17.0354,-16.0454,-9.7376,-18.4627,-16.4919,-20.1805,-15.4899,-14.9460,-14.5468,-19.0349,-14.1029
99,L,E,E,99,1.2315,-5.0027,-10.7424,-6.3984,-0.0353,-10.0069,-6.4769,-9.4291,-7.1026,-9.0353,-8.9907,-8.1636,-9.1945,-13.8805,-5.4550,-9.3804,-8.9088,-5.9500,-4.1341,-12.5393,-11.4331
100,L,A,A,100,1.0036,-0.0004,-12.1350,-14.4742,-16.3113,-15.2872,-11.5059,-16.2953,-16.0913,-17.1507,-17.2766,-14.9157,-13.7782,-17.6460,-17.3235,-15.5917,-8.2767,-9.3949,-11.5381,-20.1140,-16.8678
101,L,D,D,101,1.9130,-5.7851,-8.5330,-0.1397,-3.1752,-7.1753,-7.7654,-5.7233,-4.6856,-7.4289,-5.8404,-5.5774,-3.6516,-13.7010,-6.2370,-7.0613,-6.4408,-4.8347,-3.6892,-8.7432,-6.9847
102,L,Y,Y,102,1.0311,-13.3237,-10.6097,-11.7871,-13.9517,-5.4395,-14.4949,-8.8258,-12.2281,-14.4418,-10.4340,-13.4194,-11.5877,-17.8851,-13.3893,-12.9391,-12.6710,-14.3628,-12.3151,-11.6685,-0.0046
103,L,Y,Y,103,1.4429,-13.3699,-10.5962,-11.3290,-10.7873,-2.3576,-13.9035,-4.7301,-10.9600,-12.3962,-9.2313,-12.3377,-10.8185,-18.5497,-10.2623,-11.0372,-10.8328,-12.6803,-11.5596,-9.7226,-0.1096
104,L,C,C,104,1.0018,-9.3184,-0.0002,-13.6190,-17.0016,-14.5608,-9.8998,-15.9422,-18.2593,-19.6789,-18.2077,-18.5006,-14.2073,-15.0531,-17.0935,-17.5364,-10.8665,-15.4827,-17.2281,-15.2692,-16.3130
105,L,G,G,105,2.8053,-1.4753,-4.4845,-8.8236,-3.8311,-12.2486,-0.4169,-8.8415,-12.9129,-6.4855,-10.7976,-6.7879,-6.5121,-17.4030,-3.1592,-6.2631,-3.5107,-7.7928,-9.3913,-9.7398,-13.5993
106,L,T,T,106,1.3196,-4.5442,-8.7993,-8.3934,-13.1205,-16.7043,-7.8442,-14.9713,-14.7250,-18.1545,-16.5454,-14.6544,-8.4859,-16.4125,-15.1607,-15.1248,-2.9201,-0.0678,-11.4769,-15.2871,-14.8364
107,L,W,W,107,2.2161,-6.9103,-9.2194,-9.1456,-7.5670,-5.1802,-9.4407,-7.6243,-10.3048,-5.6094,-4.4009,-8.4734,-7.5895,-13.9004,-7.4720,-1.5002,-6.2264,-5.9901,-9.4018,-0.3156,-4.0274
108,L,D,D,108,1.0125,-12.4327,-15.5954,-0.0015,-11.9158,-17.6035,-9.2265,-15.0934,-15.7880,-16.4549,-16.4978,-16.8326,-6.6456,-17.5359,-16.9727,-14.7287,-10.0205,-9.4023,-14.9956,-17.7232,-15.7042
109,L,S,S,109,6.8191,-4.6918,-8.3390,-2.3044,-3.9554,-5.1931,-4.5090,-5.3192,-3.2372,-3.3659,-4.8856,-4.9548,-2.3093,-8.7108,-4.0200,-2.1791,-0.7646,-3.2767,-4.9990,-6.6577,-3.9204
113,L,S,R,113,4.3614,-4.7931,-10.6451,-4.1035,-5.2233,-6.3014,-3.6203,-4.9247,-6.8328,-4.4924,-5.3667,-6.4563,-2.0844,-10.5618,-5.5457,-0.6483,-1.4792,-3.5588,-7.9721,-7.6768,-4.9541
114,L,L,S,114,9.0455,-2.1915,-6.4596,-3.9253,-4.6129,-3.7309,-5.1963,-4.6261,-6.2668,-4.4842,-1.3935,-4.6877,-2.6669,-5.5928,-4.6400,-2.8015,-1.3250,-2.8766,-3.9355,-4.7761,-2.9285
115,L,N,N,115,4.4983,-6.0538,-7.6016,-4.7586,-6.3129,-6.5540,-7.6193,-4.1579,-5.0767,-3.0320,-2.8325,-6.1782,-0.6378,-13.4590,-4.5495,-3.9600,-1.4775,-2.7567,-6.7918,-9.2990,-5.8732
116,L,P,W,116,7.0055,-1.3605,-6.5139,-5.8078,-4.6955,-5.0984,-3.1966,-5.2667,-7.3486,-6.7037,-3.7370,-6.7369,-5.5472,-1.4104,-4.1929,-3.3195,-3.5963,-5.3761,-3.3632,-1.3427,-3.7399
117,L,V,V,117,1.3971,-8.2282,-9.2736,-8.4519,-7.6658,-11.9750,-11.2121,-10.8758,-2.5957,-8.7009,-5.4439,-7.7033,-9.1164,-9.6458,-7.4850,-7.2914,-9.5835,-6.3142,-0.0877,-12.1449,-11.0850
118,L,F,F,118,1.1992,-10.6924,-9.5310,-10.8055,-12.7198,-0.0369,-11.8336,-8.2055,-11.8540,-13.3769,-7.5281,-9.6613,-10.7754,-15.4434,-11.2212,-11.5306,-7.8069,-11.9751,-10.5584,-3.5748,-5.0037
119,L,G,G,119,1.0224,-6.3663,-10.2619,-8.0980,-9.8193,-14.7310,-0.0028,-14.8943,-15.4423,-15.4259,-13.9146,-15.2730,-13.2685,-14.9788,-13.2789,-12.9364,-7.3539,-11.6027,-11.4425,-13.8991,-15.6142
120,L,G,G,120,1.1001,-5.3969,-10.5796,-7.4607,-6.3005,-11.8719,-0.0136,-9.3034,-11.2994,-9.1236,-9.1063,-10.9535,-9.4715,-8.4948,-5.4202,-9.0583,-7.3628,-7.2866,-9.6533,-12.1878,-10.8250
121,L,G,G,121,1.0006,-10.2267,-16.2618,-14.9447,-13.5167,-18.2196,-0.0000,-17.0259,-18.2888,-14.5662,-15.2617,-18.0291,-14.8265,-16.8850,-14.4804,-12.2929,-13.2231,-13.6816,-14.2694,-16.8437,-17.6616
122,L,T,T,122,1.0311,-6.4807,-9.8864,-15.2634,-14.7758,-15.9206,-12.4467,-16.0874,-14.6727,-14.1694,-18.1213,-13.4568,-10.7838,-18.2952,-14.8736,-14.0152,-5.9424,-0.0042,-13.9953,-17.0077,-16.3204
123,L,K,K,123,2.7246,-6.5417,-9.3205,-7.4665,-3.1014,-6.8845,-7.2212,-4.6512,-7.9694,-0.2814,-5.3844,-5.5892,-5.2142,-9.6223,-2.5905,-3.4164,-6.9098,-2.7888,-6.6797,-7.8510,-7.1663
124,L,L,L,124,1.3494,-12.7968,-15.0798,-16.8864,-14.3283,-10.7502,-15.5709,-13.6522,-9.8054,-14.0410,-0.0924,-9.9915,-15.3339,-16.6876,-13.7714,-14.6199,-17.4058,-13.5306,-2.4289,-14.6640,-14.7342
125,L,E,T,125,1.1503,-5.6074,-9.3769,-8.3534,-5.7926,-8.6589,-8.5095,-8.7453,-6.5119,-7.6695,-7.1711,-7.3069,-7.1817,-12.3476,-7.6864,-8.2952,-5.2883,-0.0198,-6.2827,-9.4624,-9.0068
126,L,I,I,126,1.6507,-10.5351,-9.9620,-16.2715,-13.3633,-11.4522,-11.7804,-13.7161,-0.2065,-13.7969,-6.3710,-8.4831,-12.3460,-15.0171,-11.8463,-10.4663,-10.9799,-6.7642,-1.6962,-13.3207,-13.0309
127,L,K,L,127,1.9723,-7.5880,-7.8552,-6.5938,-5.2143,-5.8894,-9.6473,-5.2441,-4.4244,-2.4295,-0.1646,-7.2218,-5.4682,-8.5087,-4.9214,-5.2639,-5.7965,-5.9022,-4.4121,-8.9261,-8.2818
128,L,R,R,128,4.9685,-3.5792,-7.5815,-6.2846,-4.7842,-7.8845,-1.3558,-5.6606,-6.6299,-3.9440,-5.1955,-8.0360,-5.6703,-7.1147,-4.1558,-0.7720,-2.2200,-3.1065,-3.3203,-8.0227,-6.5909
129,L,T,S,129,7.2943,-2.5155,-6.4989,-2.5489,-3.2997,-4.6450,-2.7328,-4.6645,-5.9689,-5.2282,-3.6657,-5.9251,-4.1527,-2.4641,-5.0445,-4.3912,-0.7895,-4.2773,-2.4376,-5.3467,-5.9414
130,L,V,V,130,3.7269,-5.8636,-7.5948,-7.3360,-3.9253,-5.5108,-5.2708,-6.9610,-2.2998,-6.6266,-1.1308,-5.8025,-7.7410,-6.5705,-5.0623,-4.9256,-4.9855,-4.5539,-0.6902,-5.6461,-6.9739
131,L,A,V,131,5.5866,-4.8543,-6.8834,-5.6651,-4.4454,-5.0484,-5.7208,-4.6617,-3.1097,-3.2743,-2.6568,-4.8633,-3.6874,-8.5059,-3.1695,-2.4643,-2.6660,-5.3795,-0.5791,-5.9227,-4.9736
132,L,A,G,132,2.7003,-0.8314,-10.1140,-6.6381,-4.9758,-9.7238,-0.6829,-7.8018,-12.8848,-4.8331,-6.8393,-8.4637,-6.5917,-4.3568,-5.0886,-5.2503,-4.1658,-9.0137,-9.9168,-9.1192,-9.9511
133,L,P,P,133,1.0128,-6.8415,-12.8896,-11.2172,-11.1158,-12.1236,-9.3593,-12.4067,-15.4599,-13.1568,-12.4171,-14.9597,-12.0275,-0.0015,-11.3576,-12.4783,-8.5726,-11.2912,-10.0659,-12.8558,-11.4790
134,L,S,A,134,11.0106,-1.4728,-6.8719,-3.6345,-2.7885,-3.6452,-3.3420,-3.7000,-9.2172,-2.2049,-2.8181,-4.6697,-3.9756,-10.7067,-2.8496,-1.6258,-3.2398,-3.6931,-6.4092,-4.1447,-2.7944
135,L,V,V,135,1.4581,-3.0704,-5.2846,-7.8661,-6.9738,-7.1396,-6.0051,-9.9544,-6.6683,-10.3976,-5.8207,-6.3871,-7.0535,-10.3930,-6.7632,-9.5825,-6.3987,-4.7476,-0.0777,-9.4485,-8.8524
136,L,F,H,136,4.9501,-1.4483,-5.3785,-5.6845,-6.8129,-1.3713,-3.3087,-1.2694,-11.9535,-10.9326,-6.5894,-9.9582,-5.6380,-10.5560,-6.9471,-10.8361,-4.7621,-10.5983,-8.9005,-8.5837,-1.7741
137,L,I,I,137,6.4254,-4.4480,-4.8910,-7.4444,-5.1115,-5.7980,-2.3707,-5.5867,-1.0167,-6.1724,-1.3705,-5.1759,-4.4754,-7.9750,-2.3343,-5.7909,-3.6578,-3.2186,-2.6331,-7.1381,-7.9718
138,L,F,H,138,3.5848,-5.0161,-4.6064,-5.5312,-5.9421,-2.2870,-3.9903,-0.4169,-10.7067,-6.4120,-7.8212,-9.1383,-3.5085,-15.6502,-4.6465,-8.9434,-2.6321,-6.5029,-7.3930,-7.0063,-2.5148
139,L,P,P,139,1.2860,-4.7784,-10.7973,-7.6554,-4.6735,-12.0929,-5.1010,-5.6891,-12.8446,-7.3471,-9.9630,-11.8925,-8.0923,-0.0419,-4.7550,-6.5129,-6.3798,-7.9409,-9.8243,-10.8483,-9.8192
140,L,P,P,140,1.9893,-2.4130,-7.6136,-9.0874,-8.8514,-11.0424,-6.3494,-8.7780,-11.2431,-9.4216,-10.1635,-11.7357,-7.3059,-0.2200,-8.0931,-7.0994,-2.3408,-4.9842,-8.5171,-10.9924,-9.9330
141,L,S,S,141,1.9191,-1.9534,-8.6651,-5.3626,-7.4327,-9.4953,-4.4274,-8.1141,-12.3320,-9.6339,-7.8431,-11.7783,-6.7074,-4.9266,-8.4862,-8.8336,-0.2052,-4.1100,-8.9716,-9.8962,-9.3735
142,L,D,G,142,11.0073,-2.6875,-6.4361,-2.4473,-2.1453,-5.9420,-1.6429,-6.5296,-4.1667,-4.4355,-2.3652,-5.8497,-4.3012,-2.7490,-2.0069,-5.3524,-2.8744,-3.3142,-2.3592,-7.7427,-7.2596
143,L,E,K,143,10.1682,-2.7900,-7.2518,-2.5681,-2.6836,-4.2655,-5.3994,-3.3484,-3.8780,-1.5015,-3.1575,-5.1203,-4.1250,-5.4983,-1.9696,-4.8803,-3.2296,-3.6694,-1.5668,-8.9704,-5.1297
144,L,Q,L,144,3.4993,-3.0166,-6.5012,-5.0535,-3.1128,-4.7165,-5.1139,-4.0926,-3.3257,-6.1514,-0.3238,-6.4674,-4.7647,-8.9923,-3.6313,-4.6012,-4.5786,-5.3366,-3.2099,-8.9356,-5.7289
145,L,L,L,145,3.4364,-6.8607,-8.8895,-7.9991,-5.1112,-5.6385,-8.3513,-7.3363,-1.7942,-3.1512,-0.4442,-3.8345,-6.2855,-9.4986,-5.8364,-3.5911,-6.4827,-5.7610,-2.5592,-8.7023,-6.6241
146,L,K,A,146,3.7998,-0.3972,-7.2516,-4.3177,-2.3105,-7.0649,-5.2591,-7.3738,-4.7333,-3.3601,-3.2715,-6.1011,-5.3193,-9.1768,-4.5558,-5.2793,-2.8597,-3.8348,-3.7169,-10.1747,-8.0148
147,L,S,S,147,8.0855,-2.1777,-7.0293,-2.1788,-1.5468,-6.6751,-4.0678,-5.1060,-7.2102,-4.2270,-2.0005,-5.9050,-4.5443,-10.0560,-2.3816,-5.2106,-1.5122,-2.9897,-6.1529,-9.4248,-7.6485
148,L,G,G,148,1.2668,-7.3382,-9.8745,-6.0099,-4.8657,-9.0730,-0.0371,-8.3732,-8.4271,-5.9772,-6.5647,-10.2986,-8.0768,-6.5374,-6.7901,-5.5086,-4.6091,-5.8089,-6.9176,-10.2339,-8.9929
149,L,T,K,149,5.9640,-3.9844,-9.1828,-5.1885,-2.6703,-6.3982,-6.2812,-3.9974,-2.8089,-0.6592,-4.1225,-6.6653,-3.5977,-8.2058,-3.9730,-3.0846,-5.0041,-2.3287,-2.4118,-6.8217,-6.0128
150,L,A,A,150,1.1654,-0.0337,-8.9927,-11.0846,-11.5451,-10.8701,-8.7233,-9.3869,-15.0893,-10.3982,-13.7535,-12.5816,-9.2338,-8.2901,-11.6943,-10.3022,-3.4427,-8.2956,-10.6169,-13.6021,-9.9994
151,L,S,V,151,10.4051,-3.0631,-4.8751,-2.0391,-2.3909,-3.3748,-4.4554,-2.2228,-4.0933,-3.5554,-2.6935,-3.3010,-3.1707,-5.0188,-3.7570,-6.0189,-4.8857,-6.7721,-1.1880,-5.8020,-3.5366
152,L,V,I,152,2.8679,-13.1435,-12.0358,-11.2053,-10.0644,-7.4274,-13.5728,-9.9224,-0.8120,-11.1411,-1.0095,-8.8826,-10.5638,-14.5294,-10.4470,-10.9300,-13.1804,-10.8634,-1.6581,-11.5106,-8.9072
153,L,V,V,153,2.2780,-5.5713,-4.5982,-6.8362,-6.0159,-5.8868,-7.6899,-4.8416,-1.9744,-11.9413,-4.2828,-7.1765,-5.1814,-11.3677,-6.6268,-12.9239,-5.7921,-4.0435,-0.2398,-8.9326,-5.6210
154,L,C,C,154,1.7289,-2.2918,-0.1482,-7.0013,-7.9035,-4.9242,-5.2647,-6.7264,-9.5121,-11.1078,-7.7136,-8.8430,-5.5370,-14.7505,-8.6754,-11.1752,-4.2425,-7.9938,-7.9612,-9.9549,-6.2885
155,L,L,V,155,6.1122,-3.5313,-4.7807,-6.4631,-4.2833,-3.6929,-3.7775,-3.3580,-2.6164,-6.6720,-1.1414,-4.7678,-4.2751,-14.8729,-4.1911,-6.9237,-3.8268,-4.8143,-0.9572,-6.5870,-4.0794
156,L,L,A,156,1.7776,-0.1283,-4.1102,-7.7745,-6.2921,-8.8584,-3.5764,-8.7513,-8.4633,-9.7565,-4.3848,-6.0316,-6.1404,-12.4555,-7.0139,-8.1886,-3.0393,-6.9989,-5.0882,-11.2664,-9.6981
157,L,N,D,157,6.2793,-4.1129,-8.6722,-0.7970,-4.1635,-5.5565,-4.0181,-2.0289,-8.7318,-5.8929,-6.0896,-8.3099,-2.1144,-10.2226,-4.9677,-3.5096,-2.8953,-6.4330,-5.9306,-2.9638,-2.4117
158,L,N,N,158,9.0137,-3.5891,-7.7603,-1.9001,-1.8785,-7.3038,-3.2660,-4.6726,-6.3144,-3.2996,-4.8623,-5.1953,-1.4671,-10.3208,-3.5351,-2.8223,-1.7253,-2.8248,-5.9759,-5.8839,-4.9072
159,L,F,F,159,3.0135,-10.8074,-9.6242,-9.1687,-8.7028,-0.9289,-10.3405,-0.9410,-7.9460,-10.1672,-7.4680,-8.1486,-6.6017,-15.1846,-7.7565,-7.9330,-8.8966,-8.8701,-9.6436,-6.4584,-1.5651
160,L,Y,H,160,9.3089,-3.2617,-7.5489,-2.2207,-2.9182,-3.6920,-5.2193,-1.2012,-4.3113,-4.5515,-4.5338,-5.7897,-1.6080,-8.6071,-3.7393,-4.0919,-4.0820,-3.3046,-3.6682,-4.2487,-2.3507
161,L,P,P,161,1.1096,-8.5278,-9.8925,-7.4442,-7.2222,-9.3674,-8.0465,-8.2506,-7.4710,-9.9302,-8.1171,-10.1597,-7.1819,-0.0141,-7.5203,-7.1232,-5.2014,-6.0660,-7.2474,-9.5458,-8.8609
162,L,R,A,162,11.0495,-1.4648,-7.5657,-3.5124,-1.6537,-4.4916,-2.7209,-4.1653,-5.0142,-3.3017,-3.8175,-5.0355,-4.0972,-3.0398,-3.3047,-2.2365,-2.2570,-3.7157,-4.5601,-6.3141,-3.3991
163,L,E,D,163,8.4809,-2.3374,-9.7532,-1.5003,-2.5069,-5.6644,-1.6745,-5.5397,-5.6461,-3.5558,-5.1057,-6.0688,-3.1158,-7.6286,-4.3418,-4.3935,-2.4632,-1.6340,-5.4955,-6.1503,-4.9958
164,L,A,V,164,4.4061,-1.5068,-5.3553,-8.2523,-8.6074,-4.6449,-7.9914,-6.6993,-1.9862,-8.3295,-2.6256,-6.7849,-5.9798,-8.9188,-7.1047,-8.1301,-4.6912,-3.0553,-0.7229,-9.1356,-5.1951
165,L,K,S,165,11.5053,-3.8128,-7.0766,-3.7430,-3.5979,-2.6452,-3.9025,-3.1936,-2.6890,-3.9478,-3.4720,-5.0385,-2.3309,-11.9172,-3.6038,-3.9995,-1.4854,-1.7938,-2.1639,-4.6539,-4.6965
166,L,V,V,166,1.9859,-2.3972,-5.2682,-8.7080,-7.5739,-6.4563,-4.9544,-9.7814,-3.8342,-9.4265,-4.0896,-6.8819,-7.6608,-10.9640,-7.2521,-5.9685,-5.6206,-5.6851,-0.1735,-5.7378,-8.0793
167,L,Q,T,167,8.2548,-3.4997,-6.7600,-3.7568,-1.7993,-5.5388,-4.5987,-5.8629,-2.4863,-3.6094,-4.6312,-5.0232,-5.0607,-11.5348,-1.7189,-5.1876,-3.1571,-1.3802,-1.8980,-8.1214,-6.9492
168,L,W,W,168,1.1886,-8.2960,-7.3444,-10.9077,-9.9361,-3.7217,-6.3619,-8.0776,-8.5965,-12.1828,-6.4027,-8.0428,-10.8282,-13.5556,-9.7751,-10.3668,-9.8135,-10.2986,-6.5538,-0.0321,-7.4150
169,L,K,F,169,2.5702,-7.4006,-8.8286,-9.0900,-6.5473,-0.2599,-9.3372,-5.0473,-5.6550,-4.1631,-3.2067,-5.5206,-6.5755,-12.5416,-6.1303,-4.9492,-5.1334,-3.3036,-7.0319,-6.3433,-2.2975
170,L,V,V,170,1.4435,-9.3072,-10.4306,-11.2362,-8.0718,-10.8036,-10.7767,-10.1443,-3.0966,-6.4272,-4.8323,-8.6708,-11.2437,-14.0676,-6.7507,-3.9478,-7.5495,-6.8421,-0.0810,-8.4405,-12.2209
171,L,D,D,171,1.5606,-6.2596,-8.1048,-0.1066,-5.7062,-7.2843,-2.6573,-7.4643,-11.7143,-7.4040,-8.2640,-8.0335,-4.5089,-11.3301,-7.1946,-9.1265,-4.6073,-9.0665,-9.5834,-6.9972,-9.6817
172,L,N,G,172,1.9768,-5.3154,-10.4590,-3.0113,-2.8415,-10.0507,-0.1650,-6.6731,-12.8208,-5.2109,-8.6211,-9.0903,-4.4797,-13.2253,-6.0985,-4.8212,-4.8277,-7.0612,-8.7783,-6.3302,-9.7358
173,L,A,E,173,5.7786,-4.6372,-9.2863,-5.3060,-1.1280,-7.7017,-5.6081,-5.9824,-3.6087,-1.4816,-4.5880,-5.5795,-3.5476,-14.0968,-1.4852,-4.8671,-8.6104,-4.4949,-2.1889,-8.5512,-9.1267
174,L,L,R,174,6.8837,-2.3386,-8.9509,-5.0512,-2.5993,-5.5824,-5.2927,-2.9942,-4.2263,-4.5652,-1.3574,-5.5729,-5.5176,-5.9354,-3.1897,-1.0646,-5.0484,-4.9923,-2.6551,-6.7584,-8.1053
175,L,Q,V,175,2.0142,-9.5831,-8.6119,-11.8200,-6.4128,-11.4998,-8.4140,-10.9010,-1.9892,-3.7106,-5.5468,-6.7129,-7.9308,-10.6748,-4.9457,-3.9406,-10.0126,-8.6573,-0.2178,-9.9923,-12.5145
176,L,S,T,176,4.0214,-3.5867,-11.4321,-5.5297,-3.5861,-8.0325,-6.7681,-7.8055,-4.7808,-2.0405,-5.8274,-7.2673,-5.7876,-4.7014,-4.5384,-3.9761,-1.8847,-0.5234,-4.5493,-10.3629,-8.6830
177,L,G,G,177,1.0092,-10.7695,-14.7609,-8.2387,-8.1840,-13.6299,-0.0009,-12.3095,-15.2877,-10.1490,-13.1371,-15.8139,-11.1289,-13.4327,-11.9315,-8.5930,-9.1837,-12.2838,-11.7026,-13.5223,-14.0404
178,L,N,R,178,1.3550,-6.4579,-11.9690,-9.7268,-6.5683,-10.3427,-10.1981,-7.0917,-5.3629,-4.7255,-7.6057,-11.2229,-8.3727,-5.0804,-8.5748,-0.0522,-5.7644,-4.3493,-4.5970,-9.6596,-10.3733
179,L,S,A,179,3.4454,-0.3545,-5.6625,-5.4489,-3.7559,-3.5577,-3.0078,-4.9677,-6.7413,-5.9693,-5.5245,-5.1454,-5.8948,-6.9150,-4.6516,-6.4860,-2.2538,-3.2775,-4.8290,-6.5606,-6.2481
180,L,Q,A,180,7.2114,-1.0724,-7.6994,-6.1594,-2.2413,-5.3776,-2.6697,-5.4011,-5.2326,-2.1851,-5.7524,-5.4396,-6.4564,-8.0315,-3.8354,-2.9301,-4.6640,-2.8090,-1.6320,-6.8904,-6.1801
181,L,E,G,181,10.3264,-1.8226,-4.1668,-2.8263,-3.0864,-4.4481,-1.2072,-4.1690,-4.7484,-3.8299,-3.9803,-5.6925,-3.8809,-5.9019,-2.5598,-3.1487,-2.2867,-3.2220,-3.0352,-5.7695,-5.7766
182,L,S,S,182,1.9558,-1.7489,-5.5430,-7.7822,-8.6977,-5.3435,-4.8502,-7.2636,-8.5296,-8.9257,-5.6374,-7.0745,-6.0688,-8.7614,-5.4202,-7.0477,-0.2309,-6.8105,-7.6984,-10.4604,-8.0859
183,L,V,V,183,7.1530,-3.5002,-4.9094,-5.2422,-4.4233,-5.4846,-5.2988,-5.4042,-1.5270,-6.7861,-1.6057,-4.4949,-5.6037,-9.6585,-2.9546,-4.5902,-3.5892,-1.9828,-1.3164,-8.0253,-6.4738
184,L,T,T,184,3.5162,-5.0839,-4.8560,-3.8773,-4.1620,-7.7873,-6.1727,-6.9461,-3.6046,-5.3171,-5.3465,-6.9238,-5.4574,-10.7881,-4.7029,-4.0071,-2.2493,-0.3857,-2.4045,-7.0553,-8.3216
185,L,E,W,185,13.3054,-2.9652,-3.4955,-1.9586,-3.0505,-2.1538,-2.5553,-2.2614,-5.4021,-6.0573,-3.3009,-6.0339,-4.5724,-5.8478,-4.6516,-2.9607,-2.8635,-4.0209,-3.2132,-1.8821,-3.1314
186,L,Q,Q,186,6.2159,-4.3901,-2.5862,-3.5032,-4.4960,-4.2130,-3.9074,-4.6483,-5.4440,-5.8351,-1.9677,-5.4538,-4.5625,-7.6021,-0.6932,-4.2012,-2.5180,-5.7402,-2.9068,-5.3742,-5.0706
187,L,D,D,187,3.3285,-6.5930,-4.6630,-0.4921,-6.6529,-6.1532,-3.2661,-4.0355,-7.5358,-6.6681,-5.6358,-8.2086,-1.5143,-9.8629,-7.0309,-5.8201,-2.4711,-7.0152,-6.8285,-7.7707,-6.1306
188,L,S,Q,188,8.2488,-2.6670,-5.8316,-3.3501,-2.9133,-3.9669,-6.3433,-3.9559,-3.8223,-4.4010,-1.4963,-4.5067,-3.8570,-4.1880,-1.0309,-4.3569,-2.7782,-5.2702,-2.9617,-7.1899,-5.6082
189,L,K,D,189,6.4735,-4.3435,-8.8773,-0.8305,-1.7222,-4.5114,-3.9995,-4.2520,-4.9852,-4.1264,-4.8555,-6.4687,-2.7673,-9.3246,-5.1319,-4.6887,-2.0755,-2.7031,-4.2990,-6.0877,-4.5910
190,L,D,D,190,9.5127,-4.0916,-6.3654,-1.1870,-1.9248,-3.9369,-3.6292,-3.9107,-5.6918,-4.2646,-3.7162,-5.3059,-1.7765,-6.7749,-3.0708,-2.8082,-3.5716,-2.6267,-4.3310,-4.0644,-4.6170
191,L,S,S,191,8.4214,-3.1371,-3.7912,-5.4291,-4.3304,-8.3506,-4.4242,-5.0966,-4.3361,-5.2721,-4.6910,-4.2497,-2.5861,-7.9054,-2.7366,-2.3999,-1.2378,-1.7043,-1.8800,-8.1063,-7.6915
192,L,T,T,192,6.5623,-2.7189,-5.4635,-3.5804,-2.9217,-6.8030,-7.2513,-6.0673,-6.8035,-2.2111,-3.4967,-4.0913,-2.1331,-12.3117,-5.4060,-3.1564,-2.7434,-0.7927,-6.1515,-8.2501,-6.6204
193,L,Y,F,193,3.4916,-6.3216,-7.5427,-9.1654,-8.0688,-0.7908,-8.3263,-5.1866,-6.8657,-4.9275,-5.9659,-6.3801,-6.2890,-12.6942,-7.0741,-4.1891,-6.6102,-5.7766,-4.4458,-2.1903,-0.9690
194,L,S,A,194,3.3638,-0.6605,-3.1615,-6.3778,-8.1245,-10.3807,-2.7575,-8.9646,-9.1199,-7.8069,-9.9837,-7.9664,-4.6221,-10.0015,-7.3156,-7.2366,-1.0926,-4.0011,-4.6546,-9.6912,-10.1319
195,L,L,V,195,3.6457,-0.9954,-3.4303,-8.4363,-7.3769,-8.5391,-5.1542,-9.6019,-4.6714,-9.5513,-4.2653,-3.4748,-6.8984,-12.6416,-6.8554,-8.0775,-3.8964,-3.3941,-0.7335,-8.6439,-9.7606
196,L,S,A,196,5.7977,-1.1565,-3.9901,-6.7175,-6.7367,-4.3887,-1.7541,-6.9077,-3.1464,-8.0313,-5.6603,-6.4188,-5.0407,-11.9199,-5.7398,-7.5412,-2.2216,-3.7895,-1.2623,-5.8745,-5.9743
197,L,S,S,197,1.3066,-3.6479,-4.1828,-8.5280,-9.7017,-8.4282,-6.3553,-10.9573,-9.6394,-11.2832,-7.8119,-9.8547,-8.2541,-13.1252,-10.6606,-10.2307,-0.0522,-6.5308,-5.2963,-11.5021,-10.7530
198,L,T,V,198,2.7004,-4.9457,-6.1864,-8.8826,-4.8315,-9.1568,-5.7944,-7.3141,-3.5464,-6.3741,-2.8619,-3.2720,-6.5941,-12.5673,-5.0088,-4.2443,-6.6022,-2.8387,-0.2604,-8.4180,-10.0374
199,L,L,L,199,1.1177,-9.5308,-9.5231,-13.7400,-11.0239,-7.1731,-11.2518,-9.2716,-7.4019,-10.1005,-0.0205,-7.4640,-12.0419,-14.9796,-10.5930,-9.8859,-10.5240,-10.6214,-4.0306,-10.2097,-9.7346
200,L,T,T,200,2.9426,-4.9934,-7.7090,-7.5324,-5.4801,-5.4669,-4.5219,-6.2736,-3.3324,-2.8685,-3.8211,-4.1845,-4.5835,-10.3439,-6.1618,-3.8481,-4.5426,-0.2626,-3.6466,-6.9277,-6.8451
201,L,L,L,201,1.8938,-5.8940,-8.6815,-10.4857,-7.4358,-6.0309,-8.9627,-11.3730,-5.4557,-5.9535,-0.2226,-4.3486,-10.4217,-12.1081,-9.0143,-6.2673,-8.5718,-6.6637,-1.7728,-8.4037,-9.3957
202,L,S,T,202,3.1947,-4.0443,-10.1316,-6.0989,-6.8360,-9.3893,-2.4184,-8.8782,-8.8153,-4.7119,-6.5068,-8.4972,-5.5796,-6.1017,-7.7751,-5.1815,-0.9477,-0.7381,-7.0115,-8.1453,-9.5285
203,L,K,R,203,6.8132,-2.5579,-7.9145,-5.2078,-2.7450,-9.2389,-3.5724,-5.8917,-7.3732,-3.3005,-5.3500,-7.2597,-5.1038,-8.7042,-5.0662,-1.2082,-2.8710,-1.2402,-2.1852,-4.9337,-6.4018
204,L,A,V,204,7.5087,-2.3797,-8.6347,-2.0751,-2.2698,-4.6258,-1.6177,-6.6152,-5.2461,-6.3013,-1.7885,-6.0459,-6.1155,-5.6713,-4.9206,-4.3843,-4.4010,-5.1954,-1.4035,-5.9671,-7.2857
205,L,D,E,205,2.2342,-6.0640,-12.5620,-3.5740,-0.2347,-10.0364,-6.1401,-8.6570,-9.6399,-2.7262,-8.0163,-8.6315,-6.9960,-10.3536,-2.3687,-4.3589,-7.3298,-6.9982,-6.6333,-9.0841,-10.3854
206,L,Y,F,206,2.7465,-3.2526,-6.5599,-5.6133,-6.7640,-0.2741,-7.4633,-3.6327,-8.2282,-8.5729,-4.5745,-4.0322,-6.6622,-9.6740,-8.7641,-6.2610,-6.6111,-7.9049,-5.1177,-2.6110,-2.9053
207,L,E,E,207,2.7551,-4.3031,-10.6609,-1.6543,-0.3456,-8.3927,-3.7633,-8.2135,-6.5267,-5.0925,-5.9542,-5.0133,-4.0034,-12.4574,-5.4972,-6.6120,-7.2454,-4.6759,-4.3832,-8.0032,-8.1757
208,L,K,E,208,8.7145,-2.6563,-6.6066,-2.7969,-1.2863,-7.7192,-7.0978,-6.6839,-6.3993,-1.7200,-3.3044,-3.9992,-3.2159,-10.8316,-1.9231,-2.8410,-2.7466,-3.3303,-4.8364,-8.6033,-8.9131
209,L,H,F,209,5.2226,-4.3148,-5.8548,-5.6713,-5.0414,-1.1111,-6.3584,-1.2732,-6.3827,-8.9655,-4.3960,-6.0221,-5.1140,-10.3891,-3.5173,-4.9950,-5.4438,-6.6792,-2.9588,-6.1190,-1.4095
210,L,K,E,210,7.4841,-4.6697,-6.2142,-3.6167,-0.9447,-6.8934,-7.3560,-6.5483,-3.0017,-2.1971,-3.7945,-6.0747,-4.0418,-8.4714,-2.2376,-4.3705,-2.4888,-2.2010,-2.9461,-7.2008,-8.9912
211,L,V,L,211,3.8649,-4.8182,-7.1748,-3.0708,-3.9532,-4.4784,-6.3396,-4.2135,-4.9807,-4.2189,-0.3374,-4.7504,-3.9263,-10.9751,-4.1545,-3.2114,-4.2880,-4.9851,-3.4428,-4.4489,-4.2775
212,L,Y,Y,212,2.2883,-10.0908,-9.3803,-9.9840,-9.8359,-0.9042,-9.2325,-5.5007,-6.7802,-8.5908,-4.7697,-6.4242,-7.9031,-15.9242,-9.9761,-8.8371,-9.7239,-11.1140,-5.6708,-5.1318,-0.5633
213,L,A,T,213,7.4818,-1.8526,-4.8437,-8.4274,-3.1502,-9.2039,-4.8325,-9.0059,-4.1246,-3.4119,-5.7951,-3.6067,-4.6781,-12.4915,-3.0214,-2.4532,-1.9206,-1.0247,-2.8977,-10.1444,-9.8509
214,L,C,C,214,1.8008,-2.3085,-0.1810,-8.7534,-9.4081,-8.8648,-2.8021,-10.8243,-10.6461,-12.2580,-9.9264,-9.5621,-9.0457,-12.6712,-10.3681,-10.6105,-5.9062,-7.6017,-6.7980,-7.8135,-10.7228
215,L,E,E,215,5.7690,-3.0924,-6.2766,-4.7236,-0.6203,-5.4157,-3.5142,-5.5466,-4.5427,-2.9315,-5.3342,-5.1542,-4.9284,-12.0735,-2.8573,-3.7387,-3.8613,-1.9760,-3.3953,-4.5688,-6.5765
216,L,V,V,216,1.5964,-4.4108,-5.6818,-11.1784,-9.2841,-8.2314,-7.2446,-9.9880,-2.8951,-12.4528,-4.1144,-6.7606,-8.0321,-14.9156,-9.0447,-10.6682,-5.4232,-5.2315,-0.1051,-11.1607,-10.8057
217,L,T,W,217,1.5301,-7.9456,-8.4597,-6.6704,-5.2615,-3.3448,-8.0739,-5.5640,-7.5886,-6.4206,-4.9745,-7.7032,-6.8574,-12.2032,-6.7483,-6.3761,-6.1747,-6.1181,-6.6153,-0.0812,-4.3791
218,L,H,G,218,4.0303,-1.0434,-5.7185,-2.4409,-5.6684,-9.4030,-0.9374,-4.5010,-11.1249,-9.7518,-7.2960,-6.5960,-5.6349,-9.9165,-6.0126,-6.5195,-1.9844,-5.8244,-7.2246,-9.4204,-8.3978
219,L,Q,E,219,10.4712,-3.2048,-8.9070,-3.0912,-1.4237,-7.3520,-2.9802,-8.0743,-2.6232,-4.0861,-3.1461,-3.2428,-3.6869,-5.8949,-3.6152,-2.7047,-1.8611,-3.8151,-1.9020,-7.0867,-7.4427
220,L,G,G,220,1.0034,-9.7968,-15.1181,-10.0965,-11.8552,-14.1226,-0.0003,-13.0656,-16.3490,-13.2384,-15.2061,-15.7569,-11.1017,-14.6605,-14.5185,-11.7940,-8.5687,-13.6747,-14.9033,-13.9365,-12.7531
221,L,L,L,221,1.1944,-8.9588,-7.4897,-11.0670,-8.7126,-7.3178,-12.9988,-9.3728,-4.0144,-10.5965,-0.0304,-5.3624,-6.5519,-14.0545,-8.0947,-9.5685,-6.8971,-6.7751,-6.4551,-12.8408,-10.5229
222,L,S,S,222,7.1985,-3.8778,-8.9026,-2.2076,-3.5656,-6.5302,-3.0826,-7.1579,-4.3923,-3.2039,-4.5147,-6.0879,-2.6953,-2.8469,-5.0714,-3.1083,-0.7725,-2.6876,-4.0136,-6.5666,-7.1825
223,L,S,A,223,8.5690,-1.5181,-9.5369,-3.1856,-2.0020,-5.9673,-2.6519,-5.5969,-6.7490,-3.4577,-6.0598,-5.0853,-3.9792,-10.8098,-3.9174,-3.1800,-1.6401,-1.6673,-4.3780,-6.2094,-4.7186
224,L,P,P,224,1.8560,-2.2367,-8.9957,-8.3131,-7.6009,-9.2126,-3.4415,-8.2399,-10.0080,-8.4749,-8.5511,-9.8356,-8.2982,-0.1756,-8.0640,-7.4240,-5.4648,-4.6076,-5.4015,-7.8913,-8.2799
225,L,V,V,225,2.1643,-3.6842,-7.6026,-7.8414,-6.9478,-4.7222,-6.3116,-5.8044,-4.9914,-5.3444,-4.4314,-6.0198,-7.1315,-10.9262,-6.1955,-3.8342,-6.2059,-3.6816,-0.1613,-4.8418,-3.7821
226,L,T,V,226,5.9509,-2.8722,-5.1916,-6.3863,-6.8570,-3.4775,-4.9970,-7.9560,-2.9339,-6.9080,-3.4177,-4.1779,-6.5840,-8.0932,-6.4487,-4.8729,-1.7059,-1.5872,-0.9351,-5.5607,-6.5618
227,L,K,V,227,1.3038,-4.1469,-7.5117,-10.0085,-8.3375,-7.5083,-7.1898,-10.1149,-5.8099,-5.4758,-8.1304,-5.7463,-7.7109,-13.7187,-8.2353,-5.1781,-5.9945,-5.1820,-0.0442,-11.2305,-9.4267
228,L,S,A,228,3.8735,-0.6288,-6.0949,-6.6616,-5.2089,-4.9220,-1.2286,-4.3784,-8.8738,-5.7351,-3.3423,-5.7274,-5.4534,-11.3705,-4.2977,-5.6238,-2.6961,-5.9106,-6.9652,-5.9070,-4.8379
229,L,F,F,229,1.5009,-7.2156,-7.9116,-11.1085,-9.4448,-0.0928,-6.7648,-6.8697,-9.3661,-10.9655,-7.0914,-9.5790,-10.0998,-12.1286,-10.7217,-10.5019,-8.9238,-6.1299,-5.5660,-3.2456,-3.2426
230,L,N,T,230,3.9191,-4.9219,-8.1740,-6.9327,-4.4335,-9.1321,-4.9310,-7.4653,-2.5990,-3.1753,-5.8643,-6.2865,-5.1910,-11.3626,-5.3447,-4.3516,-5.2682,-0.8532,-0.9269,-7.5669,-8.9578
231,L,R,V,231,4.4128,-3.3362,-6.6915,-10.3353,-8.3544,-4.4564,-4.8460,-7.3407,-4.0411,-4.7139,-3.0555,-5.9651,-7.4861,-7.9974,-6.6409,-1.2789,-3.9835,-2.8322,-0.6864,-5.5944,-6.5548
232,L,G,G,232,1.1497,-6.4646,-9.8685,-8.3458,-7.8170,-6.4145,-0.0199,-8.7407,-8.7897,-4.8306,-6.9545,-8.5003,-7.4450,-12.6911,-8.8759,-6.5141,-6.2137,-7.1445,-7.6859,-7.7324,-7.6110
233,L,E,E,233,2.8681,-3.6582,-7.1641,-2.9848,-0.2860,-8.0245,-4.7145,-5.5406,-6.4365,-6.7375,-6.6993,-6.4614,-4.0215,-8.2991,-2.4014,-6.3095,-4.4401,-4.4829,-3.9822,-8.2059,-8.2791
234,L,C,F,234,4.9478,-3.0360,-4.6890,-6.7933,-5.0919,-0.5621,-4.0622,-3.7268,-5.4604,-6.2451,-3.2554,-5.4613,-6.5392,-9.8571,-6.1919,-7.2811,-3.2813,-3.5324,-1.8059,-3.9617,-3.8718
235,L,I,V,235,5.2496,-4.0528,-8.0292,-7.8229,-3.5825,-5.9366,-6.1533,-6.2733,-3.0753,-1.7607,-4.2202,-4.9699,-5.5163,-13.0259,-5.3983,-4.0673,-4.1790,-1.3570,-0.8950,-7.6713,-8.5434
236,L,D,G,236,6.6778,-1.5132,-5.6756,-2.2284,-3.6485,-5.5931,-0.9642,-5.5853,-7.2503,-6.3602,-2.6343,-4.8229,-3.4497,-4.6090,-3.5164,-5.1642,-2.4738,-6.0920,-5.3932,-6.7096,-6.1310
237,L,A,P,237,5.4662,-1.2550,-4.6318,-5.5823,-5.8572,-4.3369,-2.2835,-3.1671,-8.3488,-6.9917,-6.3834,-8.2277,-4.7112,-1.0262,-6.9170,-6.0359,-1.9157,-8.3307,-6.0211,-4.7719,-4.6865
