,aa_pred,aa_orig,pdb_res,pdb_posins,pdb_chain,A,C,D,E,F,G,H,I,K,L,M,N,P,Q,R,S,T,V,W,Y,X
0,G,E,E,1,H,1.293179,-2.3319294,0.31202212,0.18963605,-1.3263137,4.0389776,0.4017917,-1.4147027,-1.4051449,-0.57729703,2.839335,-0.44534957,0.76226574,-0.11623207,-0.6302512,2.403429,-0.12464848,-0.44199765,-2.6829612,-1.7404075,-12.810815
1,V,V,V,2,H,-0.56351244,-3.7164686,-2.5262363,0.19812267,-0.28945458,-4.5548716,-2.3402967,4.201108,-0.24229583,2.4216268,0.08569147,-1.0023916,-3.2269487,-0.3793648,-0.702429,-2.1748972,1.162385,6.065182,-1.4939889,-0.76172096,-21.024452
2,Q,Q,Q,3,H,0.6454992,-3.8514423,-2.3483593,1.7480886,-2.0187058,-1.4756055,2.5056803,-2.7117605,3.940683,0.17844012,0.14506595,-0.3189003,-7.8130417,7.3379803,2.551295,0.7392694,1.0178717,0.67866254,-2.5151567,-3.6575837,-20.841793
3,L,L,L,4,H,1.305587,-1.1245799,-5.4513583,-2.0144188,1.8095438,-0.8846438,-6.8250284,5.3881845,-4.4305725,14.75918,5.310881,-4.7304296,-3.472139,-2.311748,-4.71754,-3.0261364,-3.3120725,3.7501116,-3.151904,-3.8839767,-21.622763
4,V,V,V,5,H,-0.18074483,-4.6668453,-3.8193398,0.045557767,-1.11661,-4.8286552,0.67575514,1.8387003,1.4483813,4.865413,1.5430269,-2.374565,-13.447434,4.506588,0.73401916,-2.0736609,-0.02375853,6.882249,-3.520132,-3.4917169,-26.00349
5,E,E,E,6,H,1.606879,-1.8485117,2.642604,11.544132,-6.153951,0.9127621,-1.6679169,-3.3301198,-0.37813807,-1.8024881,-1.5565777,0.28110936,-1.0249333,6.5982385,-1.3023354,1.9181235,1.4518077,-0.7474516,-5.892708,-6.6004815,-14.415096
6,S,S,S,7,H,1.8993133,-1.7575161,-1.4986063,-2.8772945,-1.14697,1.8960745,-2.636116,-2.0181742,-2.2223108,-0.7139919,-0.42992634,-0.15404695,-7.7916327,-1.8144479,-1.1099863,12.859066,6.0968313,-1.2847403,-3.3025994,-2.2422776,-23.610176
7,G,G,G,8,H,3.3031855,-2.981122,3.0329783,2.2463238,-2.6379611,15.332412,-0.87682074,-4.4043355,0.02031438,-1.735766,-3.689723,2.6260943,-2.3782558,-0.071237266,2.5927813,2.311567,-2.3639486,-2.1395416,-2.5657728,-2.4649084,-19.048317
8,G,G,G,9,H,4.4907784,-4.061676,0.1295495,1.3392016,-2.298409,17.897533,-1.516228,-4.865879,0.5188957,0.5025075,-3.0599537,-2.02228,-1.4053562,1.0510476,2.271953,1.009912,-1.3936155,-3.132533,-2.3171327,-3.2360482,-13.581596
9,G,G,G,11,H,3.0552707,-3.6799722,6.554642,3.595728,-3.249964,12.817558,-2.4043756,-4.891756,0.50796735,-0.937899,-2.6831048,0.8487281,-4.964694,1.9529248,2.5351949,2.2048488,1.0486424,-3.127603,-4.9661903,-3.6479008,-18.879156
10,L,L,L,12,H,1.6947038,-2.801249,-3.411178,-1.9030893,-0.63713205,-4.106374,-3.8670397,2.9026163,-1.8036695,8.816647,2.780387,-3.4858537,-0.14216626,-2.3231153,-2.0291643,-1.5809642,2.0287182,6.6344643,-3.8478584,-4.1777086,-20.152964
11,V,V,V,13,H,1.0827069,-4.4893456,-5.9633694,1.4123752,-1.882617,-7.5473967,-2.7957249,6.2362957,2.3333144,0.69097257,1.0736412,-4.194718,-10.233082,1.2195331,1.0804389,-3.8978877,0.9783572,10.709465,-6.028044,-3.5422125,-28.537586
12,Q,Q,Q,14,H,1.177978,-5.298803,-1.7277391,1.0127054,-3.040537,-1.5883389,0.14521301,-2.5876563,5.336316,0.3924927,0.8226622,0.70082617,0.7937472,7.8383217,3.6864924,0.74498886,0.8938856,-0.6060986,-4.8078094,-3.6707125,-12.995686
13,P,P,P,15,H,3.368258,-2.649274,-2.3930135,1.1951125,-3.5358992,-2.1869416,-3.2672265,-1.483721,-0.7466715,0.06449747,-1.2558955,-1.3185289,11.327852,-0.34288687,0.8279728,3.5471768,2.7549644,2.6230562,-7.5219946,-5.2169185,-17.973698
14,G,G,G,16,H,1.3418132,-5.6255803,2.7513146,2.9001384,-3.3575492,11.509956,-0.58651024,-5.318734,2.1107562,-0.1276967,-1.0711368,1.5287324,-4.0387397,1.5046556,2.6034908,3.67797,1.038008,-4.0508432,0.0767639,-3.070365,-20.233917
15,G,G,G,17,H,3.9950035,-1.702993,0.84327424,2.699844,-2.6080887,12.808195,0.062322974,-4.458577,3.0012782,-1.7767595,-2.2918134,-0.9365878,-5.5549054,2.8305035,6.853739,1.0773196,-2.332285,-0.7202898,-3.2022693,-2.210848,-14.476549
16,S,S,S,18,H,6.2455626,-1.4114507,-0.16632465,-1.8478087,-3.3862257,5.047374,-0.62727135,-5.913896,-1.542625,-4.201437,-2.653695,3.1415784,-1.6984769,-0.210603,0.5102941,13.199123,5.0085716,-3.7250955,-4.259268,-4.7215962,-16.257092
17,L,L,L,19,H,-2.4501498,-6.0748944,-6.2139087,-0.029565722,-2.811837,-9.903368,-1.6283724,3.3603377,2.4424407,10.408457,5.348666,-1.6975322,-5.6959915,2.2278004,5.611784,-4.491399,-0.42718822,4.442439,-4.0601845,-3.5295804,-30.87277
18,R,R,R,20,H,0.15872067,-4.051254,-3.8933067,-1.0570505,-4.691747,-5.158314,-3.6668906,-0.45439357,6.833435,0.28622308,0.58049524,-0.66214585,-3.957455,1.454614,9.7713995,2.890991,4.3439956,1.9303008,-5.383985,-6.9783726,-23.535744
19,L,L,L,21,H,-1.3060043,-2.8982987,-5.3026786,-2.7671895,0.41852084,-5.809476,-4.5310736,7.684724,-6.1410418,14.400305,4.7382774,-2.1144333,-6.290882,-0.80217093,-5.573294,-1.9230012,-2.6855962,5.4721026,-3.1851122,-4.3081465,-24.751844
20,S,S,S,22,H,4.31956,-0.5123185,-2.0566928,-0.36224857,-3.5682573,-1.8099325,-5.304934,-0.1943767,-2.8902075,-1.1977681,-0.7081555,0.020765126,-1.5317984,-1.4372596,-0.73641145,12.489974,4.0631237,1.6465517,-6.0206428,-5.270185,-22.421728
21,C,C,C,23,H,6.5589495,16.511759,0.17019957,-1.1720159,-2.6192832,-0.43545383,-5.8595223,-0.94320226,-5.890143,-1.2975373,-1.5112565,-1.850718,-4.5605383,-4.109136,-5.145281,2.662283,3.0633247,3.562739,-1.3973469,-5.194048,-9.042545
22,A,A,A,24,H,9.82539,-3.166882,-1.6952176,1.7407551,-2.9638047,2.3684788,-2.0355442,-2.6156816,-0.09652005,-0.44994825,-2.3017597,-2.755786,-5.38469,0.6058076,0.6466,2.0820422,3.4116573,2.5409536,-5.151232,-5.3880177,-31.049221
23,A,A,A,25,H,12.319654,2.3974285,-3.9224992,-2.5648377,-4.2735367,5.6950808,-7.499449,-2.5415006,-4.2356715,-2.2860377,-0.07665473,-1.9017836,-3.3337462,-3.5937252,-1.9848462,5.3837757,7.041148,4.9332156,-4.2031493,-7.145775,-30.157703
24,S,S,S,26,H,2.82277,-3.1572015,1.2326713,-1.9541495,0.83002937,1.9294627,-0.7768215,-3.581058,-1.3890699,-1.1299572,-1.2922864,1.8332919,-9.093746,-1.5849782,1.1027393,8.905242,3.2785268,-2.1267834,-2.298153,0.26586038,-23.526613
25,G,G,G,27,H,1.1330688,-4.090955,3.0145197,3.39655,-2.2125883,12.500359,0.30489135,-5.036131,1.7506557,0.24867332,-1.9350294,1.8358499,-8.136836,2.7390957,4.1893816,3.575034,-1.5137098,-4.845515,-3.105667,-1.1839892,-24.731142
26,F,F,F,28,H,-1.1669906,-2.7191384,-0.640717,-2.9428294,13.838878,-2.9307518,-0.3261631,0.46447557,-4.935593,5.066889,1.0722218,-2.4869745,-7.0232854,-4.348613,-5.7800617,-2.685628,-1.4439026,0.68305236,3.9674692,6.217652,-19.989096
27,N,S,S,29,H,2.5525308,-2.6445103,1.6969278,-1.1399763,-0.98854685,-1.3095745,-1.2819742,-0.031279564,-0.20159262,-0.7359684,-2.0146646,4.5000877,-1.54169,-1.2200582,0.6949164,3.7020118,4.2439847,0.25182244,-3.9426975,-1.6555026,-25.95682
28,V,V,V,30,H,2.3116999,-0.8589641,-3.510109,-4.393648,-0.9844126,-3.5888534,-6.3828554,8.44322,-7.1891813,3.3750894,-0.11653666,0.09747368,-3.3701339,-5.283886,-4.4497337,0.5078023,4.2752323,11.142493,-6.7147284,-7.759963,-28.06358
29,S,S,S,35,H,3.4593842,-3.481417,1.6605558,-0.5031699,-0.5963875,3.2223392,-0.13836518,-1.4667888,1.4534532,-2.0023425,-3.1353514,1.9625534,-2.1192396,-1.4894438,1.375283,7.027875,-0.7239378,-2.3412395,-1.1419487,0.53422195,-21.168198
30,S,T,T,36,H,1.7992437,-3.057785,3.2481444,1.5977126,-1.8352623,2.24648,-0.7615322,-3.5330923,0.29140097,0.60175526,-0.965199,2.7521927,-9.905962,0.58249074,2.5974152,5.2664604,1.4380802,-3.8584871,-0.37529212,0.38915586,-26.084461
31,N,K,K,37,H,-0.5045216,-0.44919768,-0.7472101,-0.6046201,0.5728786,-1.8929704,3.306972,-0.92121196,-0.63994575,-0.9424884,-2.6792538,3.6157866,-9.345894,-0.38079315,-0.6097078,1.441743,2.1482306,2.6680634,-0.76732117,3.2016063,-27.858833
32,D,Y,Y,38,H,2.9005764,-1.2130581,4.1247153,-0.06484151,-0.4003447,1.5910789,0.9137703,-1.5986166,-4.047987,-2.6861792,-3.2806964,3.0160577,-2.6440432,-2.6974697,-2.3886507,2.4993074,2.1361558,-0.3307389,1.3692385,2.2522502,-21.618774
33,M,M,M,39,H,0.17480886,-1.4677676,-2.9480433,-1.2588584,0.78507656,-4.114505,-4.5013003,6.9239836,-7.134086,5.131402,9.983848,0.70582473,-6.634459,-0.61644924,-6.1367598,-1.5543065,0.12664616,4.7021737,-1.6995203,-4.348841,-20.691118
34,S,T,T,40,H,3.0293193,-0.659961,2.9149742,1.3308828,-3.4104533,-1.919116,2.4490438,-2.5986848,-4.3878345,-1.120451,-1.2618363,4.5296087,-8.434228,1.1093639,-4.322502,6.250486,3.3226395,0.20945132,-3.800229,-2.6988626,-26.328423
35,W,W,W,41,H,-2.3381753,-1.4142772,-2.5662694,-2.1490474,4.7816124,-4.27574,1.1611205,0.63369626,-2.766283,0.3013453,0.22346234,-2.5155418,-8.966923,-2.2271514,1.1454675,-3.618186,-0.6206417,1.6539452,14.809504,3.099896,-11.720608
36,V,V,V,42,H,-0.5745419,-2.1553335,-2.1976507,-0.60390127,-3.116321,-6.1971607,-2.9346714,7.7381854,-4.7423596,5.593169,1.2978623,1.2082665,-9.392741,-2.6274095,-6.5119596,-3.6470318,1.6689607,10.766865,-3.1714509,-3.949124,-23.176823
37,R,R,R,43,H,-0.5576902,-0.40784466,-3.8482842,-1.2772052,-4.9445724,-1.0278513,0.44127506,-0.72596264,6.117024,-0.7394969,0.7009879,-0.27442366,-8.419588,4.016411,13.80287,0.6694862,0.64840883,-0.19796312,-2.8574562,-4.3433194,-19.390127
38,Q,Q,Q,44,H,-0.12294421,-3.642975,-3.0557027,4.245841,-2.0503428,-2.9757268,0.9496789,-1.5519149,2.4681754,0.957609,1.9294845,-2.3309538,-6.5238914,11.567043,3.1085372,0.45474392,-1.3727875,-0.23383099,-3.8099694,-3.3818872,-19.839521
39,A,A,A,45,H,10.73553,-3.025182,-4.3632956,-2.1588864,-1.1684475,2.7877748,0.5126437,-4.854567,-0.901639,-0.7271749,2.1608667,-2.6683125,7.3923903,-0.8549222,1.4705483,4.5503902,1.5271597,-1.0395906,-2.1931777,-3.1334913,-18.967566
40,P,P,P,46,H,2.162918,-5.4852185,-1.3232651,-0.92933667,-1.5601203,-0.1443831,3.2075763,-1.6020544,-0.11731735,-1.0416529,-4.0404305,-1.8158658,10.836098,0.75534934,3.0211835,3.4593182,2.760392,-0.40315413,-2.6497555,-1.8470321,-18.970106
41,G,G,G,47,H,2.6638823,-5.10593,3.6887085,4.4328885,-3.634253,11.313742,0.69929487,-4.4380856,1.1745799,-1.1612777,-2.9576108,0.6537772,-5.44264,1.7230642,2.2732196,1.780887,-0.5437645,-2.5175161,-1.066231,-2.2844813,-23.302618
42,K,K,K,48,H,1.6005781,-2.4638762,-0.43524042,2.5443456,-3.7307189,0.18328685,2.0082579,-4.542607,10.714365,-0.058149338,-0.15498137,1.0821152,-11.458935,5.561048,6.7910852,1.9066051,1.0904078,-3.5589254,-6.431606,-3.9832964,-26.400742
43,G,G,G,49,H,4.680314,-0.8281203,-0.086459845,-0.11974546,-0.9309889,9.587642,1.3453193,-5.595562,0.16238575,-2.3340805,-2.6656384,-0.38559058,-0.62988466,0.1927642,4.1241264,3.8505678,-0.506695,-2.5795097,-1.8599126,-0.31255943,-15.820065
44,L,L,L,50,H,-0.9630196,-2.4052796,-3.9383345,-2.5342863,7.2195272,-3.7530951,0.53983426,-2.2264233,-2.7347794,13.620502,3.5454743,-1.0490205,6.2354336,-1.9196975,-2.285409,-2.2353156,-5.284452,-1.726764,0.37037516,2.2519002,-28.942268
45,E,E,E,51,H,0.73229873,-3.2552156,4.236218,11.359556,-4.202325,-0.92780864,1.0365863,-0.9133749,0.07608667,-1.0889359,-1.3300823,0.6932678,-9.422676,4.9293723,0.5469385,-1.0929098,0.014488436,1.245329,-6.4986134,-3.4238338,-21.72469
46,W,W,W,52,H,-0.7270497,-3.7988265,-1.9579723,-2.7379482,5.4063005,-1.3624532,1.5033917,-1.9143896,-5.2893944,1.6686051,-0.6685505,-2.2130587,-0.5754174,-2.1724384,-1.1218253,-0.33757436,-1.7066114,-0.7826907,14.505915,5.337371,-11.125676
47,V,V,V,53,H,0.8552366,0.7505161,-2.0704653,-1.6768055,-4.4318914,-3.7198298,-6.7070885,8.406569,-6.1299453,4.897311,3.967381,-2.6608462,-8.012004,-3.1042578,-6.070735,-2.272066,4.785838,14.129901,-7.5113916,-5.992611,-28.300785
48,S,S,S,54,H,11.128299,-0.36736643,0.64420205,-0.7158974,-4.2060127,4.207473,-3.256843,-2.085796,-6.950083,-1.2988527,0.8404899,0.6494813,-8.455925,-0.6516466,-5.134727,12.126963,6.079731,-2.4114795,-7.4393644,-6.2535005,-38.995598
49,V,V,V,55,H,0.42141974,-2.7569282,-1.9293846,1.012084,-3.2571855,-0.679617,-3.7857885,3.716263,-3.322468,3.7631078,1.7453628,-0.66074187,-9.692572,-0.32473525,-0.73241544,1.8832146,2.766693,4.197844,-5.246478,-3.059797,-31.218916
50,I,L,L,56,H,-3.2707357,-2.678528,-3.4316652,1.6407244,-3.6795266,-4.5536866,-4.6921754,10.529645,-0.087985866,4.912258,4.925053,-0.5433641,-9.693556,2.3376892,1.2874086,-2.4528975,0.25783816,4.044161,-5.360112,-4.3765736,-23.72819
51,Y,Y,Y,57,H,-0.17917597,-3.010402,1.0401067,-2.1537347,2.4161193,-0.06457853,1.5934647,-3.606833,-0.18201053,0.5493607,-0.62865055,2.0277596,-6.298599,-2.8895748,0.07987535,4.545409,3.8924437,-3.5815167,4.9311647,5.4149694,-19.904293
52,S,S,S,58,H,2.5811014,-2.9901717,2.9255793,0.15103805,1.4050496,0.1500476,0.80836606,-3.1378942,-1.2625499,-2.2550273,-2.9783285,1.1146518,-1.5462558,-1.4734765,-0.8984705,3.9921794,1.3546232,-1.1136129,2.2048821,3.8275347,-19.580566
53,G,G,G,59,H,2.5409772,-4.863114,4.469278,-0.11145708,-3.4180243,8.248342,-2.10849,-1.7713822,-1.2592348,-1.317699,-3.8238673,3.2996278,-4.3496323,-1.3513589,-0.52367556,5.046767,3.4898846,-0.5923706,-3.170271,-2.504999,-29.482897
54,G,G,G,63,H,1.752943,-4.2320857,2.9265537,0.79040575,-2.302326,11.008156,-1.7994914,-3.30832,0.5262782,0.21138321,-2.313805,3.5943284,-5.7149196,-0.4661212,0.3264774,5.1077795,0.44220966,-2.2119696,-3.2880716,-1.086363,-31.910563
55,S,S,S,64,H,2.445505,-4.846234,0.37989414,-0.5517028,-0.6740299,0.9153826,-1.6098285,-0.9141206,-0.79677033,-1.0624775,-2.2480998,2.5005713,-8.0481,-0.7687877,0.83487254,5.0656924,4.1214542,0.32362217,-1.9750626,1.4622324,-26.083069
56,T,D,D,65,H,5.0434046,-1.492814,-0.66911566,2.4614367,-7.4702206,-4.139778,-3.5010161,0.5405705,3.6054883,-2.6710918,-2.0069194,0.42292044,1.1227744,1.9201158,0.7139326,2.2885532,7.7649465,1.1921314,-8.733643,-7.2013874,-23.92396
57,Y,Y,Y,66,H,0.9995656,-4.8076477,2.232038,-1.1905293,4.717516,-1.3094516,2.790168,-3.2583613,-0.62600297,-2.331841,-3.8501873,4.605453,-7.383826,-2.9619098,-0.6338778,3.6268194,0.835541,-1.655709,2.1308646,7.7081842,-30.409908
58,Y,Y,Y,67,H,1.8714039,-1.7510747,0.90800774,-1.2360221,5.972985,-3.3465815,4.1007414,-5.4967766,-3.2415164,-1.209375,-2.2136414,3.038026,-7.6184754,-1.3370852,-0.1509124,1.8435254,-1.4634883,-2.335288,0.36488873,12.577011,-33.526257
59,A,A,A,68,H,8.224099,-3.2794154,0.025161207,-1.9928106,-4.0124745,2.6628675,-1.8921897,3.7654018,-3.5088267,-0.13030979,-0.5137583,1.1744363,-4.3447485,-2.7186625,-1.9576446,3.7933102,0.82486105,5.1523504,-6.340983,-3.1259031,-31.091995
60,D,D,D,69,H,2.7266412,-6.45481,11.400581,5.0538473,-3.9513369,1.8499391,0.01621592,-3.3961952,-1.6131341,-2.3231077,-3.5277348,2.1487503,1.085328,1.9987848,-0.2831185,2.6667097,0.13615572,-1.0058485,-3.0638833,-2.430381,-23.754509
61,S,S,S,70,H,4.02922,-3.9764814,-0.20747417,-1.0568924,-2.2583487,0.86224914,-2.7542202,-1.8768392,-1.54694,-1.0030106,-1.2180463,1.8162407,0.38077116,-1.4408634,-2.390687,9.41543,5.9175005,-0.9043387,-0.26132703,-3.2697208,-28.563536
62,V,V,V,71,H,-0.70635426,-1.1725938,-3.5140378,-2.5124767,1.9392626,-7.9038525,-3.5611675,3.9334497,-2.3963795,2.3586202,1.1990314,-2.4910989,-6.333646,-3.0377445,-3.7633157,-2.4618795,4.111048,14.458962,-7.669263,-4.5747266,-28.97021
63,K,K,K,72,H,0.26091182,-5.6717935,0.3346177,4.2324977,-1.5072587,-5.315631,-3.2255368,0.28729224,7.9892697,0.31195977,-0.02636747,-0.44391525,-11.47157,2.0551226,2.3390398,-0.14578174,3.5011146,1.0310867,-2.9741478,-2.5692275,-24.165451
64,G,G,G,74,H,1.9879506,-2.1887665,5.5806,2.5614338,-2.5280895,12.990284,0.008225739,-6.002985,-0.0398174,-3.5494657,-2.8095698,3.8286552,-4.477174,-0.60788596,0.49712026,5.5981684,0.415109,-4.3955245,-1.5568944,0.15461135,-16.654064
65,R,R,R,75,H,-0.013714284,-1.3774076,-1.466561,-2.4121137,-1.9055922,-1.7970083,2.4443827,-2.5127738,2.8742704,1.4350693,-1.4626298,0.23837584,-9.027452,2.2300649,14.801253,0.67975974,-0.6275971,-3.0900013,0.68613887,-0.7845727,-21.377037
66,F,F,F,76,H,1.3801194,-0.37301162,-1.3859544,-5.3234844,16.935978,-4.4059706,0.2806167,0.1473608,-5.714902,5.71717,3.892981,-2.5026426,-9.142279,-4.2200217,-8.190955,-2.4041095,-3.1272085,2.2026966,2.5230126,4.894742,-21.691147
67,T,T,T,77,H,4.2709837,-5.4174814,-4.187264,-1.1946783,-2.5762854,-2.8387945,-2.319948,1.2158668,0.5898058,0.32399744,0.4806362,0.9311818,-12.235486,0.34091896,-0.03226769,3.7566051,7.7994704,2.504206,-7.441312,-3.2030687,-31.960754
68,I,I,I,78,H,0.99802965,-5.4315724,-1.1621785,-0.959897,-2.493699,-3.0263882,-4.292338,12.459137,-6.40961,2.1431427,2.5247474,0.14001313,-3.3209138,-1.0842264,-5.3773656,-1.2374609,2.9854043,7.883627,-8.012728,-7.385546,-27.484344
69,S,S,S,79,H,3.2649975,-4.004011,0.39877915,-2.780428,0.23714453,2.3489668,-0.26746398,-2.4326692,-3.4336624,-0.81115043,0.097864926,1.2785192,-8.202408,-2.648903,-1.8661044,12.5057,4.5325384,-2.5816007,-1.8455318,-0.07677388,-27.419456
70,R,R,R,80,H,2.5482388,-5.73181,-1.859679,0.47621512,-5.204197,-4.702096,-3.4012706,-0.8806231,5.902961,3.5487595,-0.10891926,-0.41391712,-3.9967697,2.0874274,13.616514,0.13360693,-0.32870662,0.43444335,-4.454278,-4.629907,-34.274166
71,D,D,D,81,H,0.7900339,-4.1404066,13.2722435,4.601415,-1.7518212,-3.7752016,2.9356534,-0.70820856,-2.2813797,0.3180671,-2.713779,5.4484215,-5.7124314,-0.017164946,-2.2748542,0.7461054,-2.0154986,-0.04666035,-3.2840943,0.043186083,-23.566238
72,N,N,N,82,H,1.3874342,-2.9246445,5.369875,0.23107103,-3.30944,-0.3239845,-2.8349361,0.41144618,-0.91005576,-3.10974,-0.7786916,9.461774,-1.3674424,-2.200584,-1.1016862,3.6262991,5.607526,-0.37631673,-4.8570824,-2.0978532,-17.131931
73,S,S,S,83,H,6.5692687,-7.4783697,-1.3988864,-2.1368623,-0.19797081,2.2029243,-0.6282117,-2.7274342,-0.96147406,-1.0385644,-2.01756,0.30500364,0.52128077,-1.4603406,-0.11990675,8.607875,1.5092043,-0.75972307,-0.49608797,0.07244572,-24.30141
74,K,K,K,84,H,2.3853588,-5.6655297,-1.1974872,2.7871513,-3.7541037,-2.0360692,-0.21855962,-0.99543387,10.169958,1.5992887,0.7286052,2.7759814,-14.823188,4.639518,5.80738,0.4139852,-0.023119837,-2.6281414,-5.614045,-4.139631,-25.576803
75,N,N,N,85,H,0.040193915,-2.7209597,5.784913,2.0473816,-3.7861662,0.44880983,1.2223547,-3.2060165,0.8750047,-3.1123729,-1.5850561,13.467028,-5.430138,1.9295049,0.13016993,3.8680305,2.945132,-1.7116024,-4.0434413,-2.4030495,-22.10146
76,T,A,A,86,H,1.3588221,-3.6043425,-3.3209496,-1.1879426,-1.881101,-4.479926,-1.3400989,3.2017348,-0.2176222,-1.6694591,1.1649957,0.9272909,-13.0166855,0.36687306,-0.20887393,4.4930344,9.024074,1.6680502,-5.0279503,-2.0780053,-21.970684
77,L,L,L,87,H,2.5376313,-3.0186052,-3.0384288,-2.3317354,1.059894,-2.1715074,-2.5551155,2.3612583,-5.6391706,10.86137,2.6783266,-0.9755396,-5.0564766,-1.2988427,-5.317671,-1.5911005,-0.5482447,4.891934,-5.2208314,-0.9912669,-30.743301
78,Y,Y,Y,88,H,0.32617623,-2.7098467,-3.9338586,-3.802147,7.668154,-1.5060583,5.879189,-2.3881984,-2.5329452,0.11539349,-0.7606317,3.5734706,-8.459044,-1.434546,-2.199349,3.9910774,-0.19619876,-3.4987729,0.38042802,10.614551,-15.876219
79,L,L,L,89,H,-1.5107877,-2.5713673,-1.6011035,1.1074921,1.5728235,-4.738244,-3.7924507,2.9695897,-5.4747143,15.15309,4.414793,-2.3988774,-8.47436,-0.9721066,-5.491946,-4.3883953,-3.0689356,3.1386988,-4.448555,0.261517,-26.733902
80,Q,Q,Q,90,H,0.6693108,-5.5140266,2.3604543,3.6491084,-2.7578273,-2.0703602,3.7259684,-1.6546597,0.85944116,-0.10521948,0.06384733,0.62677026,-5.4738884,9.6574135,-0.6979023,-0.7474544,0.2864801,-1.5954211,-3.2085538,-2.2785828,-11.087438
81,M,M,M,91,H,5.1283875,3.505975,-4.734805,-2.9701684,-1.2338334,-3.0380836,-8.434383,4.733369,-3.840639,3.9043932,12.729243,-3.1069043,-4.874042,-1.2275585,-5.2490273,1.089521,4.044016,3.4589083,-5.009562,-8.905504,-9.994135
82,N,N,N,92,H,0.99857986,-2.6224036,3.2173815,-1.8548412,-3.172971,1.0408676,0.7365041,-1.9567201,-0.5246414,-1.0329705,-1.0129348,10.309034,-4.7237544,-0.5179692,0.59510267,5.72541,3.6271892,-1.7642283,-5.283894,-1.7905872,-17.176346
83,S,S,S,93,H,1.612241,-3.9622679,-1.6883101,-3.9026055,-1.6426982,0.96481323,-0.7994182,-2.6230316,-0.06268396,-0.6104034,-1.9544247,4.389381,-1.7546792,-0.6280937,3.4871998,9.78114,3.1999614,-2.6058831,-2.9065545,-0.6743527,-23.390694
84,L,L,L,94,H,-1.0559595,-1.7465819,-3.442136,-0.89884174,-0.7550941,-2.6847878,-6.1976285,1.6092702,-4.068673,14.881186,5.3949585,-2.5129015,-1.0617689,-2.322178,-3.4699018,-4.196902,0.6871873,6.994735,-5.11942,-6.448574,-13.812845
85,R,R,R,95,H,0.7397961,-3.5506692,-0.98803616,0.55241007,-5.332395,-1.1039934,1.1890886,-2.494064,7.0030065,0.5885995,-0.10857776,0.775667,-8.750745,4.9650126,10.425074,-0.37948152,3.0787392,-1.5935948,-4.670187,-4.0040216,-16.29088
86,A,V,V,96,H,6.68193,-2.1659749,0.52257645,-0.90208435,-1.7073772,-1.2872615,-3.032206,-1.3824359,-2.8465977,-0.13935392,-1.3154919,0.9007338,0.7746603,-2.2995257,-0.47952342,3.3638372,2.480985,2.3076053,-4.6686773,-2.8051867,-14.517245
87,E,E,E,97,H,3.234546,-3.2931948,6.205763,10.044109,-3.789935,3.3000646,-2.9874663,-1.2409736,-2.874645,-1.1473902,-1.083083,-1.1737105,-1.6638451,3.0677967,-3.0712185,2.3549442,0.8398011,0.29672387,-6.4432716,-3.7806695,-15.216702
88,D,D,D,98,H,1.5723138,1.3800879,17.529427,5.82623,1.1971378,-0.039628983,6.23497,-6.258664,-7.3899937,-4.819458,-1.1498035,6.78874,-4.6084003,-1.2519436,-7.165368,1.9899356,-1.0812432,-2.2499232,-2.3752708,1.3744951,-11.853076
89,T,T,T,99,H,1.9499707,-1.1577394,-0.7932302,3.2065592,-2.2814615,-0.010167122,-4.756568,-0.7971965,-5.3047237,-1.3914478,0.13974988,-1.6707433,-8.175165,-0.07616639,-3.608172,7.4893174,13.247069,-0.31036615,-4.9444613,-3.703414,-12.08734
90,A,G,G,100,H,14.965225,2.580708,2.324844,-2.0440636,-3.5716357,14.424798,-4.434223,-5.4758806,-3.3385198,-2.6668634,-0.028517514,-0.19569603,-2.5101652,-4.036396,-2.5026069,5.6124234,-0.24147551,0.15170598,-6.619644,-3.683781,-24.568136
91,V,V,V,101,H,-0.650558,-1.8919349,-2.329486,-2.3491464,-1.6652193,-5.315999,-4.3112545,4.7416515,-1.2140945,2.4965491,4.7477827,-2.0559855,-9.337259,-2.3922324,-0.6481338,-0.68816686,5.389775,7.274215,-4.1063886,-1.8197536,-16.602448
92,Y,Y,Y,102,H,-0.10992515,-1.4004692,-0.95724916,-3.2738695,6.6149225,-2.9383552,2.294427,-0.9744218,-1.4292988,1.233709,-1.3368025,1.3880515,-6.7314568,-3.5430703,-2.2709017,0.32229006,-1.6909084,0.32709637,0.39785618,12.573326,-17.03218
93,Y,Y,Y,103,H,-1.7459953,-1.6957436,-2.469165,-3.3274612,8.792252,-2.8983724,4.5844154,-0.32586825,-4.008082,1.2092528,0.3169896,0.9954877,-8.356215,-2.2590034,-2.4351673,0.4499216,-2.122652,-1.1177238,1.989189,11.831924,-14.847044
94,C,C,C,104,H,5.5919247,18.352055,-0.49166405,-2.0418804,-2.2633839,2.274544,-3.2614577,-1.8212954,-7.9208922,-0.9871443,0.30267167,3.0528035,-3.5263948,-1.1304759,-5.5699673,3.3680193,3.0555053,1.954572,-4.491008,-6.412982,-10.663321
95,A,A,A,105,H,10.505732,1.664507,-1.6221894,-3.7304947,-2.519888,2.587926,-3.667914,-0.69445974,-6.083248,-0.70474696,-0.73945725,-1.5036676,-6.9504204,-3.9177947,-5.693263,4.962527,5.5865736,5.5922565,-4.802423,-3.8502536,-34.582855
96,R,R,R,106,H,-0.69731617,-3.5179753,-2.9373546,0.12327871,-2.5686023,-3.913357,1.3169361,-0.4509769,3.4669318,2.4604383,0.52848494,-0.053675413,-7.956699,1.9239392,7.3605733,0.24225546,0.1544164,-0.2585246,0.44943476,-0.9596732,-23.694862
97,D,D,D,107,H,-0.63179195,-4.1636095,5.08614,2.7827923,0.4821257,-1.1053816,2.2257855,-3.0019777,-1.816981,1.8397267,-0.37212375,1.3380958,-5.202803,0.23705924,-0.00023177592,-0.73213416,-0.8961847,-0.82136524,1.6376549,1.292066,-15.081135
98,A,S,S,108,H,2.8066602,-2.084305,0.62703633,0.64910245,-1.3286254,1.630518,-0.63976955,-2.0063431,-0.05624324,-0.23962581,0.3669381,0.6512002,-2.3431225,0.29282844,1.864074,2.1996691,0.5230657,-0.44092828,-1.6765282,-0.40385318,-14.408894
99,S,S,S,109,H,0.8108802,-1.2967578,0.85330164,-0.22453563,0.10799703,0.796451,-0.60160893,-0.19500344,-1.5273696,0.37790832,-1.05419,0.18536977,-2.224221,-1.2952845,0.18186474,1.6129133,0.26330882,0.9361253,0.78927875,1.1596403,-19.802082
100,D,E,E,110,H,0.4401053,-1.510403,1.7099154,0.092015624,-0.67019475,1.630738,-1.0399655,-0.6994191,-0.44180226,0.3156504,-0.9048971,0.77833843,-3.2286687,-0.71125054,0.68112814,1.6280829,0.4133367,0.20930028,-0.7114854,0.7873182,-20.00024
101,Y,V,V,111,H,-0.015701383,-0.56672394,0.87632906,0.39991567,-0.42921123,0.86376953,-1.4331346,0.55247104,-0.70281124,0.7521274,-0.87935126,-0.623378,-0.79843557,-0.85858846,0.51477504,0.82331663,0.404351,0.45169175,-0.44937196,0.87993515,-15.580658
102,G,R,R,111A,H,0.18108764,1.0976726,1.153779,-0.5684156,-0.3065185,2.5364451,-0.86596894,0.2594041,-0.32817796,0.4971395,-1.347094,-0.056652725,-1.1845133,-0.8549114,0.54924893,1.0826864,-0.08027592,0.21564934,-0.15466438,1.2395723,-12.708758
103,D,D,D,111B,H,-0.15275824,0.27151912,2.0858572,-0.77031934,0.019023418,1.8592769,-0.3031215,-0.09149268,-1.4019706,0.46057913,-1.3854074,0.77850854,-0.8304209,-1.7682494,0.11464459,1.3857265,0.4229717,0.13182017,-0.13122827,1.4866534,-9.898578
104,S,H,H,111C,H,0.2869944,-2.2813349,0.08992344,-0.3388347,0.36497805,-0.10622511,-1.6224208,0.98723227,-1.186688,1.1567724,-0.8310844,-0.91027945,1.4885544,-1.5824261,0.6308431,1.6561861,-0.23472817,0.93067515,0.66719097,1.2753174,-12.080313
105,W,P,P,111D,H,-0.14201024,-2.2961519,0.97887665,-0.62753433,1.4219334,0.48159426,-0.33371106,-0.43918526,-1.4207945,1.3452606,-0.77106893,0.32701007,-2.4420855,-1.6204207,0.6311345,0.91768736,-0.19906601,0.10743641,3.0687876,2.3626752,-13.6078415
106,G,G,G,111E,H,0.20809242,-2.2940743,0.889307,-0.50653243,0.50418985,2.9233987,-1.181669,0.29092735,-1.0982964,1.0871775,-0.4129162,0.14736378,-2.1638112,-1.1524132,0.8562782,1.5319557,-0.011196308,0.64831567,0.7704718,1.0160693,-14.513608
107,G,H,H,112E,H,-0.4937032,-2.4337134,0.5896277,0.18013132,0.8002738,1.7642927,-0.65879,-0.32037118,0.3877554,1.0251422,-0.82260424,0.42136037,-4.208336,0.24246399,0.89906156,0.8780588,0.7272136,-0.38581157,-0.019458517,1.4580878,-14.760065
108,Y,P,P,112D,H,0.6738643,-2.3488746,0.41804105,0.0080257505,0.8597052,1.0574706,-0.5312743,-0.03157177,-1.3172321,0.21730055,-0.9698013,-0.75947857,2.0376558,-0.8892436,0.1584643,0.99345094,-0.6146183,0.4807996,0.8672837,2.1173806,-10.632041
109,G,G,G,112C,H,0.82923985,-2.174158,1.1887541,-0.49912956,0.4304064,4.1832933,-0.4816752,-0.28249478,-1.0550759,0.5117129,-0.5893091,0.13228223,-2.093559,-1.1495559,0.43107888,0.88728976,-0.7804218,0.13133936,1.201228,1.7852877,-13.87792
110,Y,R,R,112B,H,0.8688886,-2.6255298,1.2425992,0.6623164,0.5261372,0.75526756,-0.3124962,-1.1686034,-0.13971068,0.51217514,-0.8141229,-0.07118906,-2.9070067,0.21729699,0.53238964,0.6332282,-0.03462352,-0.5147988,0.7043284,2.128612,-13.507776
111,Y,S,S,112A,H,0.92043734,-2.1388748,0.8321775,0.9209809,1.407684,-0.97039545,0.039529227,-0.89521074,-0.8350228,0.969524,-0.41453725,-0.009651333,-1.9445589,-1.0161384,0.2236862,0.60682976,-0.4761617,0.19355536,0.86402833,2.2454305,-13.898575
112,G,V,V,112,H,1.2981896,-0.44164723,1.8125755,-0.19028047,1.8480815,5.5041,1.0860915,-2.5455961,-1.6351577,-0.027189136,-1.4090357,0.84141666,-1.478602,-1.32312,-0.23088536,1.4846098,-1.9122101,-1.6425115,1.8334252,3.0857892,-14.366896
113,D,G,G,113,H,0.6961609,-2.2184744,2.9604673,0.40887225,0.67187124,1.7421155,0.90363,-1.0882683,-1.5194116,-0.55922043,-0.7273281,1.4291048,-1.8826141,-0.82211375,0.546855,1.1953113,-0.9504029,-0.9926097,1.6670148,2.47093,-16.975033
114,A,A,A,114,H,5.6412325,1.995148,0.22673376,-1.5261348,-0.37854633,4.127803,0.1040515,-2.9354753,-3.5458598,-1.8184698,-0.72619236,-0.84454226,-1.5670819,-1.0229177,-1.109221,2.5686069,-0.5513876,-0.25912866,0.39969087,1.1553246,-14.2395935
115,F,F,F,115,H,0.3185776,-1.8513932,-2.222859,-2.406925,9.064361,-0.79953325,1.7198697,-1.3094593,-3.9601798,5.614977,6.68174,-1.0543002,-3.5758677,-0.20862854,-3.0735896,-1.6955448,-3.2225282,-3.114513,2.5990067,3.009314,-17.655909
116,D,D,D,116,H,3.1416893,-1.4065574,8.994442,2.5158708,-2.6466622,2.258,-0.4132645,-3.0837398,-2.2889137,-1.9914454,-1.6272142,2.2448347,-1.8959842,-0.9548803,-0.632793,3.1020036,0.453135,-0.5007095,-1.820534,-0.22026765,-16.474915
117,V,I,I,117,H,-1.7336257,-1.7446595,-2.5397704,-2.207378,0.22933644,-6.4224133,0.14526911,4.9877534,-3.3795624,3.2970457,-1.5739387,-0.39726108,-1.9805889,-1.3676319,-3.337244,-1.0015788,0.40164125,6.4981527,-1.4174472,3.4936037,-16.413044
118,W,W,W,118,H,-1.5281317,-0.21056624,-2.7329855,-3.2048545,7.018091,-3.503186,0.29035836,-1.4456775,-4.1785016,2.253676,1.7821621,-1.5741086,-4.3035264,-3.3537962,-3.1530833,-1.7282771,-0.18830876,1.1500814,14.856637,3.1933634,-4.552716
119,G,G,G,119,H,5.8469787,2.9002533,3.9086413,0.062906235,-1.5555491,16.556187,-2.5831723,-4.9166036,-3.0673237,-2.7738001,-2.802141,1.7223147,-6.018983,-0.87091005,-1.703521,7.933975,-0.12172901,-3.5335588,-4.0317974,-2.2260745,-10.6446495
120,Q,Q,Q,120,H,2.2052753,-3.8502665,-1.1139306,0.7930205,-3.202126,2.2462082,1.1155565,-2.7733345,3.6790185,0.07258266,-1.2238629,-0.95493746,2.8003678,6.854107,3.8605728,0.50172615,0.29580826,-1.6627707,-3.4490604,-2.2889714,-11.87012
121,G,G,G,121,H,4.020477,-0.69198453,2.6950665,0.7273442,-2.313419,20.897852,-0.885073,-6.7044916,0.20212454,-0.53925455,-2.4837968,-0.56333244,2.3818521,0.029035226,1.0152042,1.7044394,-2.828895,-3.0574918,-0.24443865,-1.563205,-8.411756
122,T,T,T,122,H,6.366985,0.5406641,-0.14373988,-0.11291224,-4.215959,0.7047558,-6.8647947,0.34655982,-3.1786609,-2.973037,-1.7243248,-0.8085097,-4.047799,-3.8510792,-2.2275844,5.2692795,10.075923,4.738788,-7.0659356,-6.4298644,-16.541334
123,L,M,M,123,H,1.6654975,-3.384496,-1.8993349,0.50929296,-1.7447283,-1.8804252,-3.4708571,-1.7751157,-0.19159928,4.8259726,3.9109392,-1.4683013,0.67039394,1.5592328,-0.83262056,3.7971346,4.329495,-0.006475091,-3.3485656,-3.8097255,-17.542728
124,V,V,V,124,H,2.0450141,-1.6155975,-6.1895127,-3.5897436,-2.8129864,-2.7713304,-6.5388355,4.700163,-0.22974306,6.8139925,2.880008,-3.3747456,-6.5530252,-3.5121152,-2.6662893,-3.023376,2.778798,13.306216,-8.009817,-6.1264896,-13.190336
125,T,T,T,125,H,0.9020891,-3.1517599,-4.324469,-1.6716597,-3.7600613,-4.4213433,-3.8914099,4.672989,-1.3953844,-0.05125475,0.30311194,0.5114515,-5.63454,0.824003,-0.6648636,3.3568666,9.278714,4.223632,-6.618754,-3.923902,-6.215024
126,V,V,V,126,H,2.4774451,1.7778021,-4.811423,-4.92772,-5.351285,-4.72598,-8.787268,7.321405,-4.205613,1.8092856,2.6720185,-1.2887111,-5.395589,-5.9995975,-3.490801,-0.025524646,5.5354924,15.884285,-9.005997,-7.1817927,-9.859054
127,S,S,S,127,H,3.777197,-1.2727894,-1.4022151,-2.8044262,-0.39563873,-0.91196245,-1.817971,-0.35721678,-2.0176868,1.012383,-0.79835796,0.43328172,-4.38851,-2.1956754,-2.5922284,10.446896,3.3431597,0.8370512,-5.405084,-0.78256613,-11.5780945
128,S,S,S,128,L,5.183827,-1.0259902,-0.1426191,-2.2117558,-3.4178214,4.027493,-1.7969894,-1.9676074,-2.437891,-1.8199527,-1.4151431,1.889088,0.50712645,0.69370717,0.50365204,8.974298,2.060845,0.053798154,-5.344578,-2.8919787,-8.400532
129,Q,Q,Q,1,L,2.3330135,-4.8878145,1.0628042,1.965851,-0.98195696,-2.2650623,0.24233288,0.0854149,-1.6679882,-0.5276089,-0.32408607,-0.083137125,1.4725705,4.964239,-1.2270441,3.8209753,-0.1263872,0.44664362,-4.2711186,0.70095664,-14.202116
130,S,S,S,2,L,1.8920891,-3.8258827,-1.9535041,0.46336642,-0.7928059,-1.7042162,-0.75328684,-0.5090976,-0.014493227,-0.046047002,-0.90604115,-0.8400941,2.3734329,3.3077989,-0.52676105,5.6035423,1.912272,0.20468122,-4.4871645,0.6492687,-18.203175
131,A,A,A,3,L,5.4191017,-3.1316743,-0.3184955,0.6807803,-1.6025832,-2.1319516,-3.3272629,-2.9717984,-0.5369967,1.270832,1.8264703,-1.6958466,2.1340337,1.0756972,0.09207058,2.2504048,0.48862568,4.4034386,-4.6895676,-2.1914954,-25.232367
132,L,L,L,4,L,1.4271826,-1.863283,-2.664422,0.48788112,-1.2311099,-3.0325177,-5.3002634,5.0416336,-5.909598,9.720535,2.567154,-1.3142178,0.8545449,-0.4295091,-6.187667,-0.84533346,-0.7957606,5.681686,-7.7979784,-4.8251767,-22.458305
133,T,T,T,5,L,0.80366206,-4.9555182,-4.2798686,-2.3135056,-2.293549,-2.8166683,-3.5957854,2.7385175,-0.7323421,1.4829354,0.8239416,-0.9736704,-7.032379,0.95325303,-0.47239155,4.998218,7.6133666,3.3871841,-5.6172895,-3.1666198,-22.252863
134,Q,Q,Q,6,L,0.6874131,-2.5251253,-0.7634835,6.7677574,-3.6482441,-0.42046756,1.4096949,-4.5080857,-1.0854526,0.18102586,2.7784238,0.29512432,-1.1810035,13.946258,-2.5773025,1.823566,0.09280801,-2.0722814,-6.4385443,-5.928812,-12.839593
135,P,P,P,7,L,4.1940136,-4.262837,2.1347528,4.95832,-4.176987,-1.1887167,-1.6143959,-2.367917,-0.7764278,-0.9114735,-1.3414403,-1.6221306,10.752655,3.3190086,-1.8900956,3.1747894,1.9380747,0.69346726,-5.0171986,-6.049306,-17.638393
136,P,A,A,8,L,5.8467813,-6.596793,-0.32932693,0.087178946,-1.6686462,2.0520842,-0.8171146,-2.5722578,-0.13497648,0.6426146,-2.028905,-2.3937979,6.212842,-0.095813304,0.45637056,4.366002,0.6012053,0.7610319,-2.6532836,-2.6757307,-22.70533
137,S,S,S,9,L,3.5372689,-3.9565153,-4.0107827,-3.5983279,2.2404938,-1.4698694,-0.7894086,-0.858493,-2.5720358,-2.034972,-0.68644977,-1.1763262,-3.2105122,-1.0678295,-1.1728483,9.682704,6.0129275,-1.3055643,-2.1532562,-0.35603833,-25.620102
138,V,V,V,11,L,4.5203676,-3.0997036,-3.6135824,3.1692894,-3.6296473,-3.91084,-5.12083,-0.16779304,0.082163826,1.4518627,1.4762967,-5.231795,-6.043531,0.76584655,-0.35362634,0.026846856,1.0788367,7.8879128,-4.41452,-5.431172,-26.522926
139,S,S,S,12,L,7.2994614,-1.1784046,-2.508239,-2.9212298,0.6709415,4.0396137,-0.5586395,-5.4848847,-2.2196896,-2.9643314,-2.107187,0.28523812,-0.3524511,-0.47742778,-2.41225,12.06758,3.53597,-4.161381,-3.055797,-0.8674818,-13.3729925
140,G,G,G,13,L,6.188195,-1.4998134,0.81592727,1.6770527,-3.417879,12.8032055,-2.696978,-5.2869725,0.56904256,1.2697179,-0.99067676,-1.5374568,-2.3002913,0.6970746,-0.14357987,0.32126144,-0.60358435,-0.28196913,-7.503483,-5.9801826,-9.90778
141,S,S,S,14,L,6.451341,-2.0783944,-3.1153116,-5.20911,0.6340959,1.2473307,-1.5711768,-1.1992447,0.09147203,-0.88119817,-2.4380767,0.004976906,-1.301599,-2.862206,-1.0644857,7.0333905,4.8373675,-0.47219944,-5.6337376,-1.5640342,-12.431292
142,P,P,P,15,L,2.322574,-1.4658238,-3.063562,-0.8125079,-1.5191383,-2.616913,-4.009855,2.4819264,-3.9984162,3.2379634,-2.255156,-1.5987448,9.769797,-1.4574522,-2.0229595,1.2910032,0.27408105,6.2471523,-5.4822907,-4.384315,-11.329009
143,G,G,G,16,L,1.3127016,-3.2438803,2.2694874,1.5910876,-1.9125872,13.80051,-0.36269122,-5.641962,-0.3127252,-0.916775,-1.6367222,1.5132391,-4.995983,-0.008146048,1.4073355,3.9446542,-0.2597222,-3.6611412,0.08192539,-1.0741476,-15.073446
144,Q,Q,Q,17,L,3.9558754,-4.0975866,3.7930322,5.6384854,-4.6565447,1.211777,-0.5159657,-4.1043863,1.4352767,-2.9797738,-1.0319196,0.518474,-9.124853,10.450468,0.6396867,3.256288,1.998412,-1.8355258,-5.2628574,-2.8705106,-20.011856
145,S,S,S,18,L,2.511141,-3.433861,-0.89320314,-2.133459,-4.443324,0.73247665,-1.1411282,-2.3324437,3.7020426,-5.279125,-3.7646644,-0.095613405,-0.89267254,1.2661935,5.3015165,9.484127,8.211764,-1.8179386,-5.202631,-5.7822742,-12.970726
146,I,I,I,19,L,-3.5620089,-5.533732,-4.4905796,-1.1463635,-0.6366154,-9.147134,-3.8248563,11.650567,-1.3154849,6.455903,2.340458,-3.6077573,-6.8121333,-1.7421548,-1.5456603,-5.192918,0.17985189,10.690938,-4.5112677,-2.6414828,-18.647717
147,T,T,T,20,L,3.1318154,-2.7722948,-3.0559177,-1.9736847,-4.2685094,-1.574023,-4.595766,0.24324206,3.4727368,-4.2722573,-2.5684643,0.8068553,-6.805756,1.2403698,3.3044202,7.904836,9.719306,0.5982643,-8.412583,-5.8221836,-27.198952
148,I,I,I,21,L,-3.8828368,-1.7774911,-7.014587,-3.9491236,2.6886392,-7.7301397,-5.5346193,15.304844,-3.5926795,6.66064,6.870106,-3.6615765,-9.993378,-2.0036623,-4.9985514,-4.6653786,-0.9031901,8.122658,-1.6416345,-2.7278101,-9.982187
149,S,S,S,22,L,1.2863,-2.9353578,-0.6500828,-2.7453778,-2.8210273,1.7887967,-1.265487,-2.3668647,-0.2906726,-2.70398,-3.1783147,4.5327873,1.5293372,-0.46719602,-0.09513068,9.55744,8.424721,-3.9417722,-5.5030937,-1.715693,-18.164637
150,C,C,C,23,L,6.0199594,17.578554,0.13950357,-0.5848398,-2.293054,2.6560817,-5.1081805,-0.5868847,-5.5895677,-1.3652406,-1.3811711,-1.4333646,-3.878123,-2.5520835,-6.282813,3.476221,1.1747874,1.9052075,-4.301358,-5.2936163,-2.108648
151,T,T,T,24,L,3.3589234,-3.3518496,-3.0906389,-1.1149455,-5.9263525,3.5719569,-1.0658277,-0.8120138,2.887967,-3.6495297,-4.1128044,-0.593315,-6.9955206,2.32519,3.855699,6.635075,8.680638,-2.3136086,-6.7193727,-6.138631,-20.56602
152,G,G,G,25,L,4.210836,-2.9039888,3.0278642,-0.10976019,-2.9046557,15.857365,-2.5733843,-3.928267,-1.9240174,1.7922003,-2.7516863,-0.6784967,-2.7252698,-0.7035008,0.4184928,4.1098576,1.0840138,-2.5168478,-4.801368,-3.7592542,-16.567898
153,T,T,T,26,L,1.4654273,-3.864079,2.126515,-1.2218398,-3.4088743,1.9810278,-3.4482465,-0.046757072,-1.8357065,0.34702188,-1.9464259,1.5685595,-5.9040303,-0.97743124,-1.5546776,7.3267703,7.950777,-1.47924,-4.393326,-2.1502998,-16.832924
154,S,S,S,27,L,1.9421551,-4.5655212,1.5053725,0.815084,-2.493325,2.0396414,0.22029716,-1.4355366,-1.2587564,-2.1551385,-3.587332,1.8136771,-0.6150724,1.7868066,0.575897,6.2594337,1.8873003,-1.6313702,-2.6424937,-0.12066507,-22.376663
155,S,N,N,28,L,1.8272253,-5.7098465,2.8444176,-0.06840107,-1.1063459,1.5581865,-1.3190426,-0.64294,-1.3577125,-0.20407337,-3.278315,3.173072,-6.040753,-0.7440022,-0.15151691,6.220381,2.1425745,-1.123376,-3.202129,-0.054362655,-25.27221
156,D,D,D,29,L,-0.8243251,-3.2836633,11.492407,4.131319,-1.6178387,0.17350388,1.5604607,-2.5426347,-5.993412,-3.2343004,-2.57629,8.650731,-5.458265,1.9081154,-4.8663764,1.5271566,3.125441,-0.61783886,-5.5725136,-0.29900524,-24.740088
157,V,V,V,30,L,3.536333,0.3264129,0.11851007,-2.6688561,-2.9800282,-2.1442282,-8.628815,7.717819,-5.7009964,1.6699011,1.0973209,0.35183,-3.5952876,-6.7495775,-4.6879134,0.714789,4.4440026,11.234849,-10.069752,-7.977911,-21.742657
158,G,G,G,31,L,2.1844814,-3.6921654,1.8501918,-0.35311612,0.750236,17.481606,-2.7021976,0.3247599,-2.588,-0.29240078,-3.3299928,0.2461378,-1.3706083,-2.5454416,-2.0413103,0.7541522,-2.277437,-0.07755326,-1.0815475,2.0947883,-9.414395
159,S,S,S,35,L,2.3433237,-4.3970556,-0.34264958,-0.43799245,-0.1998106,1.3537133,-2.3892941,-0.69673777,0.22554941,1.3314321,-2.3482459,1.4380778,-1.6168439,-0.49726728,1.642739,3.034467,1.1731943,-0.7989984,-1.4985541,1.351813,-21.326458
160,Y,Y,Y,36,L,-2.0484395,1.0395703,-0.9585545,-3.0351493,5.284007,-1.6296921,2.1372974,-0.9024833,0.04329157,1.0038562,-1.8128396,2.8411121,-6.4750524,-1.9657915,0.649957,3.3190734,-0.51952237,-2.8213043,2.5828943,9.054655,-22.649965
161,N,T,T,37,L,-0.1259006,-1.0355659,3.0833533,0.5191804,-2.4135094,1.3438678,0.39907482,-1.8338639,1.9344757,-1.2965544,-3.4310844,6.678301,-1.6054652,0.43314758,1.4799263,2.9362411,2.267434,-2.2033722,-2.1635253,1.0108873,-24.93082
162,L,L,L,38,L,0.4358598,-4.539802,0.7501081,-0.44839692,3.2169657,-2.2086287,-0.80070376,0.27196926,-0.46837223,4.8142486,-0.6991509,0.5135693,-4.918309,-1.4028065,-1.9710385,0.37372264,-1.3732172,-1.774407,1.5459636,4.778906,-24.41129
163,V,V,V,39,L,2.0132506,-0.3787682,-1.1233313,-4.3311296,-2.3289773,-3.5879118,-6.879382,5.583129,-5.482187,2.5139194,1.7895226,1.9103116,-3.990711,-4.5053387,-6.135358,-0.77725476,5.7133236,11.947129,-5.5278482,-6.9003544,-22.601414
164,S,S,S,40,L,2.7100887,0.19272959,1.687842,0.26166603,-2.5746665,-1.0179522,2.036765,-3.7208803,-1.0384085,-4.664891,-1.8138523,6.273551,-8.318191,2.7015235,-1.1408602,7.532917,4.1043987,-2.0490155,-6.038934,-1.9301891,-21.089413
165,W,W,W,41,L,-0.94455004,-0.29073825,-1.2933562,-2.9645038,7.1805706,-2.782809,0.8867405,0.7549193,-6.540512,-0.7492746,1.0419896,-1.2477167,-9.969385,-2.7319276,-2.4509926,-1.8935026,-1.4495044,1.3515838,14.330153,4.654512,-13.638248
166,Y,Y,Y,42,L,-1.5990542,-1.9291166,-1.8458254,-1.0248864,7.09151,-3.7140315,5.384501,-0.7903975,-3.9714959,4.6254835,-0.55389273,0.36136714,-11.6008215,-0.24261275,-5.718,-2.322822,-3.5629587,0.20293748,1.143353,13.114922,-23.827198
167,Q,Q,Q,43,L,-1.0134155,-3.918572,-1.5373307,6.0043626,-4.9949985,-1.9940753,0.6253184,-0.32834107,5.0267353,2.748636,2.8223724,-0.71561784,-7.656879,12.173744,3.1992104,-0.9028675,-2.1026728,-1.2256073,-7.558938,-5.7160683,-20.008665
168,Q,Q,Q,44,L,-1.6067227,-2.6193004,-2.1112263,6.503005,-5.693307,-3.4522617,1.8914818,-3.2563303,4.8619676,1.7873889,1.603806,-1.1717045,-6.888118,12.018986,3.8557942,-0.15119731,-0.26500374,-0.3067844,-4.872548,-5.105947,-21.219667
169,H,Y,Y,45,L,-1.5143421,-7.653395,-0.8579055,0.31807983,3.7173433,-4.024642,6.615367,-2.4198132,4.1276307,6.0107985,-0.28809816,-0.36348617,-4.0412455,0.8785161,1.070908,-0.14123672,-2.903099,-2.5716965,1.832789,3.628519,-28.049139
170,P,P,P,46,L,2.019693,-5.0702014,0.5386114,0.4701463,-2.1946871,0.07199322,0.82689095,-1.7007061,-0.4840194,-1.013707,-4.8207393,0.19387496,7.4140053,1.8623167,0.73656934,5.1041107,3.108511,-0.9037134,-3.1067336,-0.42255744,-20.981411
171,G,G,G,47,L,1.1713722,-6.2581654,4.4120946,4.034703,-2.3728023,12.874825,2.3656816,-5.468031,2.0221114,-2.0185983,-3.0002897,3.5390458,-6.7637563,2.7351146,2.0134516,2.1732306,-1.4474986,-3.6733463,-1.3685881,-0.9603888,-24.650211
172,K,K,K,48,L,0.38761127,-3.7286277,-1.5212749,1.0193164,-1.2071909,-4.270592,1.7866751,-4.5289507,8.087629,0.1575257,0.12842321,1.076299,-13.965717,4.184454,3.4211092,3.5264926,6.9692564,-4.5661454,-5.1783347,-0.851575,-28.860802
173,A,A,A,49,L,10.6712675,-2.8158557,-3.1547222,-0.5499358,-3.9231997,0.20882672,-2.3252578,-3.5135145,-0.54726994,-2.0000741,-1.9073019,-1.1060214,5.963298,0.5433402,0.5917407,5.944836,2.422229,1.2528487,-5.7743015,-3.6042702,-22.43877
174,P,P,P,50,L,6.465459,-2.6503549,-0.9652628,-0.29700994,0.03544046,-1.1366742,-1.2657473,-3.7013507,-1.1553829,2.9623826,-0.7411116,1.2929481,18.128242,-0.3387277,-1.2241869,2.6738484,-1.7498063,-0.7725358,-5.9042873,-4.5340953,-27.334024
175,K,K,K,51,L,0.07657218,-8.553791,-4.917074,0.3130412,-1.1516354,-3.6064537,-0.5866486,1.2757537,9.105737,-0.6956357,0.022946596,-0.0062854216,-14.171673,3.930759,3.9139326,0.90517014,1.9919286,3.9483805,-5.9315886,-2.3954654,-30.707428
176,L,L,L,52,L,2.632699,-1.0797793,-3.5527403,-2.0645943,-5.6581,0.8100741,-4.0615215,0.054218233,-1.5888149,7.887001,-0.6769849,0.16221786,-0.26566333,-1.5554938,2.1382391,1.1943517,2.301633,3.0344794,-4.307386,-5.719458,-31.728664
177,L,L,L,53,L,-1.906715,-2.930251,-4.335826,-0.4811446,-2.038641,-6.306829,-7.0678864,5.6856155,0.07840598,11.622786,9.316724,-4.629119,-9.557444,-0.6056966,-0.47139323,-4.42484,0.7331808,6.649853,-3.9532266,-4.485131,-24.26186
178,I,I,I,54,L,-2.5004241,-2.3496957,-1.4653175,-1.7372897,-0.018039197,-5.168522,-6.644088,14.07711,-7.011161,4.141174,3.4574769,-0.8868721,-10.486223,-2.8568025,-6.5293155,-1.1821448,0.38044405,10.105895,-5.437196,-3.3628058,-25.245525
179,Y,F,F,55,L,-1.0546333,-1.674513,-1.7732584,-3.4083793,6.0985904,-1.5359576,4.318693,-2.518009,1.5531683,-0.33747935,-0.97685695,1.4461145,-10.610823,-1.343956,0.49753898,2.689585,-0.62363696,-2.748209,2.4201365,10.090821,-25.075863
180,D,E,E,56,L,2.2400272,-3.9123478,3.842248,2.0565279,-1.1106718,1.5395095,-1.3713288,-2.6438227,-0.32696214,0.7220269,-1.2683041,1.742892,-6.901367,0.08881682,-0.3122989,2.3653164,0.0943857,-1.9245163,2.3499992,2.326524,-25.068352
181,A,G,G,57,L,5.679064,-0.8743725,3.4799054,0.9981296,-2.0969238,2.2004094,-2.0623522,-3.5831437,-2.2979443,-1.564454,-0.67741495,3.8711774,-14.052164,-1.2912614,-3.6656582,4.145764,4.5159836,0.38263154,-3.554984,-1.7354033,-27.253918
182,S,T,T,65,L,0.67041945,-5.753629,0.14703642,-1.3434916,-1.6443818,-2.088596,-0.09942448,0.4858693,2.4684746,-0.58429676,-2.0312076,2.943753,-7.4976354,0.19757634,1.3776151,5.8914914,5.071088,-1.0876814,-3.0755777,0.0030439198,-27.469036
183,K,K,K,66,L,-1.5437821,-6.312546,1.136101,2.6858041,-2.6038284,-3.957545,1.7046548,0.022283837,6.095064,-0.21021777,-2.4685135,4.701451,-11.119937,2.7291408,3.3143587,1.6214046,3.2234406,-1.3129944,-4.8753786,-0.29984105,-20.978844
184,R,R,R,67,L,2.213193,-4.576568,-2.3335896,-2.8345098,-4.0967326,-1.5306599,-1.2764839,-2.6861134,2.2436578,7.1256447,-2.572044,3.4304516,-0.96835184,0.3570646,8.736929,3.200407,0.39083338,-3.0094008,-6.174437,-3.4623256,-27.038097
185,A,S,S,68,L,5.392642,-4.8203773,1.5636395,3.1388109,1.5229077,-0.07434195,2.5954487,-5.233544,-0.8479413,0.32606632,-0.8896284,1.6661391,-3.8362076,1.2739856,-0.4944138,1.6510307,-2.2186704,-1.761941,-1.1470368,2.8432057,-29.144207
186,S,S,S,69,L,1.6101768,-5.4473934,1.188704,-1.3286161,-0.390325,1.8639499,-1.4329367,-1.2458814,-1.97799,-1.859261,-3.6917205,1.5225918,0.5188892,-0.7756454,1.6078132,5.8430233,5.6629734,-1.70842,-2.2089615,-1.6482112,-17.370289
187,G,G,G,70,L,1.5662198,-3.5136178,4.29111,2.0649142,0.22234881,13.554998,-0.2728539,-4.0366735,-1.7451283,-1.7643778,-2.33128,2.209811,-2.87576,0.029989839,-0.20171583,2.434001,-1.1935956,-2.2266285,-1.2610139,-0.30243674,-18.18916
188,I,I,I,71,L,-1.9635239,-1.2965997,-3.1471798,-1.6010042,-1.2493265,-4.527932,-7.075263,12.298336,-3.9132395,0.8311241,2.3205788,-1.3134447,-8.96349,-1.5153608,-4.209646,-2.7033558,4.7737865,11.872496,-5.4695926,-6.4593725,-12.442127
189,P,S,S,72,L,4.064746,-4.666248,1.4185909,-0.36921352,-3.9142284,1.5294454,-1.8712244,-0.8252667,-0.2751664,0.1830169,-1.8287566,-0.0008324832,9.538934,-0.88062,1.481364,8.459103,1.7759091,-0.52926224,-6.041272,-4.291041,-21.773481
190,N,N,N,74,L,2.6484144,-5.397522,5.5513496,2.9006891,-4.0140305,0.29597336,0.686946,-1.1366142,-0.5705414,-2.3604388,-3.2856631,6.638909,-0.98523235,0.6307635,-0.03320673,2.8639743,1.55806,0.14826837,-4.038768,-1.4528371,-22.201027
191,R,R,R,75,L,0.3536834,0.250802,-2.0247965,-2.548292,-3.2268214,-1.8568554,0.7667172,-0.38222787,1.6324086,0.8629792,-1.1620915,0.71403915,-5.7292533,2.035568,10.401778,0.81303614,0.75587916,-0.8685249,-1.7125535,-2.1340818,-17.674355
192,F,F,F,76,L,1.7221758,-0.2820256,-5.149642,-4.115753,15.0229645,-8.380882,0.35095274,3.2666135,-7.7252684,5.15114,-0.19752476,-2.7631416,-6.3421674,-4.8777246,-8.551521,-3.420422,-2.2002974,4.951245,2.6462913,7.149558,-23.902834
193,S,S,S,77,L,4.489707,-3.93292,-3.2429066,-3.2396731,-1.6511381,3.0782537,-1.9064023,-1.3595059,1.0300475,-1.8115908,1.3191147,2.4275482,-11.414994,0.57299495,1.3775489,11.167243,3.8499398,-2.4881744,-5.2204604,-1.5729686,-27.276897
194,G,G,G,78,L,7.412094,-2.527579,1.3146018,-2.0072548,-1.8665378,18.17756,-1.6797271,0.43241018,-3.3977025,0.3416509,-0.4859414,0.857538,-1.2223079,-0.039935187,-2.2322311,2.4185271,-2.2963595,-3.2766109,-7.248625,-4.733946,-9.185638
195,S,S,S,79,L,3.7929633,-2.8098094,-0.34300026,-4.374887,-0.17126057,5.2461877,0.07148665,-5.774963,-0.14861271,-4.1422505,-1.9838183,1.4612744,-4.6357465,-1.7219515,3.5623622,12.246075,4.373267,-4.545804,0.4830681,1.0906516,-20.655403
196,K,K,K,80,L,0.8660065,-5.2081814,-2.1818328,0.72315276,-4.3136816,-2.4206073,-1.4450347,1.6902431,12.419676,0.8790155,0.93858624,3.1595545,-8.670205,4.7492113,5.313131,0.55993676,0.86626184,-1.241881,-8.9834385,-6.48645,-20.757626
197,S,S,S,83,L,3.2041845,-3.2245896,-0.7885028,-4.2935815,1.0230756,-0.34102833,-0.8790833,-0.59435654,-3.7360878,0.52279305,-1.8301777,0.57577014,-4.9654956,-2.0947785,-2.1857727,8.918298,2.2013443,0.39035589,0.5965309,1.0881836,-16.701286
198,G,G,G,84,L,3.1360562,-5.2666745,2.8875508,0.9671991,-2.7737136,12.301093,-1.0077049,-4.943376,0.86246204,-1.349005,-1.6478443,2.735785,-4.107793,1.0046523,2.9153519,4.6405196,-0.019699648,-3.496209,-1.3027922,-1.1696513,-17.574076
199,N,N,N,85,L,3.65399,0.15867752,3.4791806,-0.08768208,-5.3054194,-1.007139,-1.6647028,-0.09279634,1.1331506,-4.9143887,-4.279989,8.610287,2.1844316,0.5096025,-0.9479538,4.1010203,6.8839407,-1.1559398,-6.106324,-3.5215852,-13.413447
200,T,T,T,86,L,1.5509281,-3.2709718,-1.2303368,0.4558907,-6.7179003,-3.5976279,-2.5273895,2.4937956,2.5687091,-3.0612805,-1.7059749,1.7801912,-10.685702,2.8571892,0.74150914,4.7159047,10.797246,3.411004,-9.732198,-6.4355974,-22.65593
201,A,A,A,87,L,13.657504,0.9559621,-2.6550138,-4.285442,1.3119326,5.55974,-1.3658624,-4.448919,-3.4036758,-2.3498135,-3.8078153,-0.82739055,-6.401097,-3.7749052,-2.9372466,5.3478775,1.2868351,1.1379097,-4.082279,1.2067952,-28.16634
202,S,S,S,88,L,3.9644113,-3.462853,-1.6317787,-3.6122177,1.1717193,-0.41919076,0.03701201,-4.6717,1.8037953,-3.5488853,-2.7176383,3.923955,-9.75325,-0.3867058,-0.09311246,10.446758,5.153534,-5.8872023,-4.8468165,3.4459105,-27.686443
203,L,L,L,89,L,-2.6875725,-1.7730372,-3.667441,0.52407134,3.3546226,-6.2526045,-3.1839433,5.500906,-3.1591082,16.660578,4.6752224,-4.029555,-8.903891,0.4765068,-4.725154,-7.458179,-3.9534783,3.2795682,-5.005811,-3.3415399,-20.384115
204,T,T,T,90,L,4.937874,-3.1067922,-4.4386463,-3.2766204,-5.721987,2.0962005,-1.6053035,-1.3999416,5.5234466,-0.598592,-0.52640533,2.041894,-5.9591274,1.8242669,2.2115593,4.062154,7.9423084,-0.8632691,-9.245445,-7.079836,-23.71095
205,I,I,I,91,L,0.058899432,-1.4032022,-2.9642825,-3.8607252,-1.2379346,-5.6501336,-8.052279,16.535967,-6.0302973,7.0050945,5.698514,-4.515751,-5.5526505,-4.2165637,-7.1329427,-4.911316,-0.9112135,11.60696,-6.57138,-5.0496826,-9.495465
206,S,S,S,92,L,4.4161572,-4.975646,0.23854497,-4.8521667,-4.039971,6.5148497,0.11528061,-4.5301304,1.9545965,-2.6628194,-3.154711,6.9122515,-3.226392,-0.021578848,2.9416046,11.049896,6.335941,-5.450409,-6.3127146,-1.9586741,-21.203846
207,G,G,G,93,L,1.8683293,-5.692316,2.261184,-0.12189841,-5.5470276,11.316293,0.060278594,-5.6350255,2.6424875,-3.1166666,-4.232973,6.9186215,-4.452259,2.7602394,5.69393,8.271093,1.3103194,-4.6498594,-4.924435,-3.0624259,-17.789621
208,L,L,L,94,L,1.4094108,-2.3042176,-4.768445,-2.0778937,-1.1171029,-3.8403745,-6.1103907,3.0201585,-3.6689262,14.931896,5.813938,-4.518613,-4.985461,-2.637536,-2.5120974,-2.4038558,1.8405972,5.1883492,-7.2456694,-6.902256,-14.389378
209,Q,Q,Q,95,L,-0.48237556,-5.510436,1.3656471,4.5537496,-4.0020924,-2.8596282,3.2913752,-1.7085102,6.064789,1.5318818,0.5787697,1.1551667,-10.628247,10.56746,5.6463275,-1.9877799,-0.46216112,-0.52071404,-5.007181,-3.1202319,-16.789038
210,A,G,G,96,L,7.183231,-1.5453342,-0.8600979,-0.7688594,-2.8018372,-1.2262286,-4.928953,-1.0774074,-2.6121643,-1.4295914,-1.6762977,-0.07550009,3.5955768,-0.43365234,-1.4949039,5.749707,5.182026,1.4410175,-4.9422703,-2.9882092,-16.7074
211,E,E,E,97,L,1.7736262,-4.7655582,6.5788236,9.847867,-3.3369045,3.845095,-3.7046309,-0.85464483,-2.411086,-0.953017,1.4340245,-0.50515413,-2.0106368,2.2389727,-2.8616905,0.9835941,0.25882402,0.17396837,-4.382811,-2.6112118,-17.225357
212,D,D,D,98,L,2.6424608,1.8860942,19.019106,6.23411,1.7082813,-0.28427386,5.215328,-5.8387957,-7.737843,-4.290895,-0.98209935,5.9450054,-3.8039114,-2.0487823,-7.872502,1.5988604,-1.488343,-1.4366333,-3.5615976,0.48720807,-15.808751
213,E,E,E,99,L,2.9838154,-4.0773673,4.2342825,9.847881,-0.46774507,1.0031333,-1.9255651,-2.8439436,-0.6971971,0.47159413,-0.8469646,0.4077683,-9.821518,2.1785276,-0.4004193,0.23862801,0.25213778,-1.1934655,-3.9538605,-2.4476733,-18.385393
214,A,A,A,100,L,13.511612,3.7519507,-0.4020827,-2.9717155,-1.6890178,2.226391,-3.5881062,-3.4289284,-2.6949317,-1.9380907,-1.7921491,-0.2595712,-3.0671637,-3.825966,-2.0434387,5.6848865,0.34947342,1.663537,-4.393551,-1.4605567,-28.997688
215,D,D,D,101,L,-0.08720995,-5.461558,9.360293,4.3723164,-1.8819413,-2.4015298,-0.60865116,-0.892976,-2.8571856,-1.1982216,2.140976,2.3291936,-10.114829,0.9338043,-2.601051,0.41896045,2.3674536,0.5375617,-1.6076331,-0.2703995,-18.723856
216,Y,Y,Y,102,L,-2.1807964,-0.29823887,-1.9870003,-3.620034,7.2753296,-4.120677,4.472003,0.14413461,-1.1268888,0.6778283,-2.1751146,1.0070026,-7.7685785,-1.4982048,-0.17038262,-1.8993027,-2.9317684,0.14222832,0.6951371,14.329533,-16.09408
217,Y,Y,Y,103,L,-1.3672583,-1.1942053,-2.3531022,-3.475294,9.875859,-4.897757,5.2050734,0.7001164,-4.844221,0.96538675,-0.9375514,0.086850986,-8.842379,-2.494148,-4.26857,-0.027326584,-0.97893083,0.025054976,2.0198312,12.609946,-20.74123
218,C,C,C,104,L,6.244933,18.458961,0.65055823,-1.833051,-0.48048168,3.378433,-2.918621,-3.1463704,-7.6092863,-2.3290176,-0.49018776,1.9018664,-0.98624134,-0.2734047,-4.0712986,3.3393846,-0.19277307,0.031720817,-2.677432,-4.8005686,-9.819306
219,S,C,C,105,L,4.510059,2.18937,-0.6162907,0.33708322,-2.970055,1.2557919,-1.340732,-4.1139812,-1.5616999,1.2428453,3.5454457,1.561898,-12.322078,4.041663,-0.5871016,5.5399947,1.0796793,-1.3557837,-3.5869222,-4.164731,-32.92088
220,S,S,S,106,L,7.910303,3.7149122,-0.8537382,-3.053925,-6.2979994,0.5290561,-3.8646314,-0.53889126,-4.7432795,-3.6168675,-1.5797544,2.2993565,-7.3361325,-1.3102376,-3.52334,9.51939,7.083295,4.8336177,-6.2971935,-6.1777563,-30.10474
221,Y,Y,Y,107,L,-0.2518988,-5.46323,1.3672923,-1.2425133,5.1882915,-1.0449357,2.7584414,-1.8630428,-1.0824099,0.36109865,-3.296883,-0.42006224,-3.6465297,-2.114949,-0.56074476,0.7636292,-1.9082837,-1.1724759,7.2436113,9.698663,-21.716244
222,T,A,A,108,L,3.6021676,-2.858321,-0.19572347,-0.9590588,-1.9973084,-1.248657,-1.2379603,1.3623958,-1.4963744,1.3722339,-2.0670524,-1.7863309,-4.0294647,-2.5323677,-0.36295095,0.98981863,4.1893425,2.6886253,-1.6450816,0.40219873,-27.646355
223,G,G,G,109,L,0.5052285,-3.6628485,3.2107341,0.7057675,-1.9468651,8.201017,-1.2791219,-1.8164716,-0.75983703,-0.8483558,-2.3635576,2.8219223,-2.362848,-0.16377324,1.5029314,3.9644108,0.5729486,-1.5736673,-0.66288453,0.6149733,-19.571321
224,S,A,A,113,L,1.5044718,-4.17359,2.25228,-0.372977,-1.7086046,2.9140735,-1.1792558,-1.6405749,-1.8951304,-0.907729,-1.9365543,3.5642776,-0.74696624,-0.79448503,0.7944129,5.402926,2.3931284,-1.4626392,-0.5247503,1.3879219,-22.719181
225,S,S,S,114,L,0.9138715,-3.627034,1.8520787,0.7771744,0.033286013,1.7569629,1.1118994,-2.8893127,-0.023228526,0.26534653,-1.0931574,3.6721294,-2.9411564,0.2571364,0.67917794,3.84409,0.15187868,-2.0780318,0.004145831,2.2842436,-23.093307
226,L,T,T,115,L,-1.0410886,-4.68763,-1.712299,-0.5386723,-0.37307382,-4.800234,2.5093217,2.2459512,1.0089644,3.9022527,-0.8668866,0.2813729,-8.007864,-0.0133577585,0.5714059,0.26002803,3.0549607,1.5072244,-1.2485614,0.5019416,-22.713972
227,W,F,F,116,L,-0.8584302,-3.269102,0.023577392,-0.4451438,2.7221563,-2.3164153,0.58598363,1.3178796,-2.4927378,1.7470064,-1.4121958,-0.42833644,-6.306174,-1.8614955,-0.1395297,-0.9775711,-1.6310409,2.4053788,5.1715755,4.4362626,-26.482645
228,V,V,V,117,L,-0.019131958,-2.4244428,-3.449283,-0.42966804,-2.7899864,-2.7702374,-4.152125,6.9312334,-0.22476313,3.5615053,-0.6173799,-1.8006316,-5.458041,-2.8525944,-0.06627098,-2.6163025,2.1941087,9.77571,-6.4719934,-2.468868,-21.917332
229,F,F,F,118,L,0.73093605,-0.079461336,-1.71136,-4.040899,13.26078,-1.0282404,1.7457654,-3.936243,-5.359811,-0.13447195,2.1267998,0.34967363,0.1717478,-2.2624645,-5.9855723,1.0851481,0.50791395,-1.5600145,3.366878,3.1871386,-12.903997
230,G,G,G,119,L,6.6633472,1.4896218,2.2377286,-0.46846247,-1.1458626,21.060467,-1.3916703,-4.30177,-2.8906987,-2.036603,-3.205328,1.1921792,-5.6176004,-0.5355383,-0.6275085,4.2296457,-2.2928529,-2.4824214,-1.4054677,-2.0891824,-17.925945
231,G,G,G,120,L,2.333646,-2.350434,-0.89143485,-0.42928794,-2.3269317,5.8764334,-1.7581769,-1.2909443,-0.6071714,-1.353437,-2.2882366,0.45099872,-3.851915,1.1382432,0.2461463,4.2072268,4.368883,-0.14960876,-1.7864038,-1.4053926,-17.579527
232,G,G,G,121,L,5.1472445,-0.6697794,0.76949036,0.31513733,-4.2856917,15.935835,-2.8230395,-4.598675,1.8477507,-1.138725,-2.3250656,-1.0255264,-0.7964937,-0.48798344,2.4682317,2.7544014,-0.3669048,0.10828924,-1.2984599,-3.4841323,-13.26631
233,T,T,T,122,L,4.4606066,4.3093367,-0.9760185,-1.2369928,-4.9524355,-1.1565773,-4.3319874,-2.2293992,-2.109089,-4.9491262,-1.2753956,3.0201383,-8.542305,-2.7606208,-2.6089098,7.408283,15.953087,0.26739365,-6.669113,-6.2946224,-20.58693
234,K,K,K,123,L,-0.061676443,-5.96996,-1.4830757,2.1040688,-1.876904,-3.188627,2.211918,-2.7222478,8.742562,1.2840416,1.6068366,-0.10274309,-6.047574,3.3534598,4.751793,0.31493312,2.2996206,-0.78192484,-2.7411535,-1.7613726,-10.764806
235,L,L,L,124,L,0.15789282,-2.1294527,-6.312109,-3.2510455,4.160033,-3.3107042,-4.224892,0.560436,-2.0629377,13.115854,6.2745104,-2.9729326,-7.077161,-2.4672604,-2.929129,-4.016691,-0.29221314,7.615027,-6.618322,-4.9912596,-16.822939
236,T,T,T,125,L,0.60089135,-4.166327,-1.9277408,2.19044,-4.57479,-3.4079823,-2.7209938,2.661679,0.43804073,-1.7212373,-0.66322476,0.27985787,-9.708339,1.8136988,-0.14492892,4.261089,9.450485,2.3788497,-6.924232,-4.768192,-17.927893
237,V,V,V,126,L,-0.31257656,-1.0639114,-6.4584455,-4.854699,-4.9426017,-3.8964164,-6.5100327,10.340572,-1.9111602,3.54925,2.8878162,-3.0565658,-2.1046247,-5.7905416,-2.1441288,-2.9261174,4.125944,14.999609,-6.3652935,-6.8125267,-2.0541687
238,L,L,L,127,L,-1.7901685,-4.327868,-1.2436428,-0.109137535,0.03302318,-1.2345219,-0.74718106,1.2278271,3.9097948,7.5616894,2.881144,0.10178783,-3.4767678,0.9133792,3.064413,0.6539544,-1.9611607,0.6986443,-2.8448334,-1.1301374,-13.081239
